{"winner":{"border":0.8324875375252883,"corner":-0.3112565781136649,"freedom":-0.01899567768188115,"table":0.5994423879715345},"botsInfos":{"group1 - Bot1":{"border":-0.2529016716158081,"corner":0.7236417809571121,"freedom":0.9985073297923908,"table":-0.4701310320090146},"group2 - Bot3":{"border":0.3533284102489016,"corner":-0.2057696843523278,"freedom":-0.15545956440044284,"table":0.141337995908831},"group0 - Bot0":{"border":-0.666046847414113,"corner":-0.7244664668701573,"freedom":-0.5092512113799592,"table":0.8938440197046209},"group1 - Bot0":{"border":-0.5757718479999141,"corner":0.46533033720018047,"freedom":-0.3988199151426579,"table":0.23254723147417633},"group2 - Bot4":{"border":0.22797443399225514,"corner":0.9488752931579609,"freedom":-0.4161243535359438,"table":0.14714857394457082},"group3 - Bot4":{"border":-0.7047750245373061,"corner":-0.7849207046368014,"freedom":-0.99849357914867,"table":-0.7318342772683792},"group0 - Bot3":{"border":-0.1479586715632022,"corner":0.43475548429852773,"freedom":0.6579441158215877,"table":-0.5466333833107919},"group3 - Bot2":{"border":0.15926662576724504,"corner":0.04307525269576851,"freedom":0.7393116649056333,"table":0.11678012111552438},"group4 - Bot4":{"border":0.8541151968423684,"corner":0.725346524348746,"freedom":-0.9533321266755688,"table":0.29235384845718215},"group0 - Bot4":{"border":0.9110268266458905,"corner":0.9445586459189139,"freedom":0.9830707402538468,"table":-0.34640590333382915},"group1 - Bot4":{"border":-0.5369965366315275,"corner":0.9769996670089272,"freedom":0.9265296327358385,"table":0.6167244218248906},"group2 - Bot0":{"border":-0.7094000093341666,"corner":0.8246599423635574,"freedom":0.00722069068588338,"table":0.7165539287578457},"group3 - Bot3":{"border":-0.49247487612818386,"corner":-0.8818049692325216,"freedom":0.0664919460479727,"table":0.17644021744655003},"group4 - Bot3":{"border":-0.9523315931618344,"corner":-0.554274369980722,"freedom":0.5738246410737851,"table":0.8267887469494843},"group0 - Bot1":{"border":0.9349531161928744,"corner":-0.2046887295033677,"freedom":-0.5691514280069192,"table":0.2059862020686083},"group1 - Bot3":{"border":0.9372535621007214,"corner":-0.04676616193708538,"freedom":-0.8587031006031778,"table":-0.9077759996425203},"group2 - Bot1":{"border":0.9943703325961899,"corner":0.9077678984854456,"freedom":-0.4468792487704376,"table":-0.7041753894186258},"group3 - Bot0":{"border":-0.666046847414113,"corner":0.937910800887906,"freedom":-0.5092512113799592,"table":0.8938440197046209},"group4 - Bot2":{"border":-0.8152322374535417,"corner":0.05650832622511781,"freedom":0.6096920534617729,"table":-0.9820416798582579},"group0 - Bot2":{"border":0.5915844840632682,"corner":0.5222966086980658,"freedom":0.27457051367451735,"table":-0.2310366544846265},"group1 - Bot2":{"border":0.8324875375252883,"corner":-0.3112565781136649,"freedom":-0.01899567768188115,"table":0.5994423879715345},"group2 - Bot2":{"border":0.8762525623801922,"corner":0.027752047973785388,"freedom":-0.07655632663192624,"table":0.9960378330003186},"group3 - Bot1":{"border":0.7132536213804697,"corner":-0.12780288898393088,"freedom":-0.9340442228676937,"table":-0.6188609483135517},"group4 - Bot1":{"border":-0.9342852695568227,"corner":0.9583418801151788,"freedom":-0.606229040296139,"table":-0.9351838712873419},"group4 - Bot0":{"border":0.9943703325961899,"corner":0.9077678984854456,"freedom":-0.4468792487704376,"table":0.24149193472096941},"group6 - Bot0":{"border":0.9055919460004547,"corner":-0.3324313670364156,"freedom":-0.6172792250186037,"table":0.17814677132290613},"group7 - Bot2":{"border":0.11468992707794357,"corner":0.8423919121532644,"freedom":-0.9748036931662554,"table":-0.1717317268753713},"group7 - Bot3":{"border":-0.11146471781032119,"corner":0.6627609534606667,"freedom":-0.18561090827319915,"table":0.4686184003106828},"group5 - Bot0":{"border":-0.28805157325519515,"corner":0.9449054068865719,"freedom":-0.9822327637803623,"table":0.3290052017330207},"group6 - Bot2":{"border":-0.8475497430445018,"corner":-0.22355114636110862,"freedom":0.5092545410678919,"table":-0.7524930288274749},"group7 - Bot0":{"border":-0.15329083876648042,"corner":-0.8431693876985473,"freedom":-0.7538985065685959,"table":0.45388209022230863},"group5 - Bot1":{"border":0.9108401814006666,"corner":-0.3898112850859128,"freedom":0.13741936187186465,"table":-0.867628862948894},"group6 - Bot1":{"border":-0.3018088910573815,"corner":0.26258501118191213,"freedom":0.7718438641998455,"table":-0.6674499798854903},"group7 - Bot1":{"border":0.29494561374284567,"corner":0.9490129677374737,"freedom":-0.5541187313148728,"table":-0.682183639112546},"group5 - Bot2":{"border":-0.288024389125886,"corner":0.3417978810513518,"freedom":0.7571243442581066,"table":0.8022343551756088},"group6 - Bot4":{"border":-0.07520121323373319,"corner":-0.44751971394801227,"freedom":0.6706449295030135,"table":0.06295604203430138},"group5 - Bot3":{"border":-0.5598602000294421,"corner":0.5178561553821273,"freedom":0.4034612641487074,"table":0.7601839595187918},"group6 - Bot3":{"border":0.2748545537163909,"corner":-0.5059312866750403,"freedom":-0.71320881554119,"table":-0.5092882867125859},"group5 - Bot4":{"border":0.1601414864633759,"corner":0.6718970511877096,"freedom":-0.7829862294366001,"table":0.03718442774502062},"group7 - Bot4":{"border":0.9613840651075012,"corner":-0.1836745546359444,"freedom":-0.6446352289076835,"table":0.7036181477444106}},"finalResults":{"Bot7 - Bot1":-1.0,"Bot7 - Bot0":1.0,"Bot6 - Bot0":-1.0,"Bot6 - Bot1":-1.0,"Bot7 - Bot3":1.0,"Bot6 - Bot2":-1.0,"Bot7 - Bot2":1.0,"Bot5 - Bot0":-1.0,"Bot5 - Bot1":-1.0,"Bot4 - Bot0":1.0,"Bot3 - Bot0":1.0,"Bot4 - Bot2":-1.0,"Bot5 - Bot4":0.5,"Bot6 - Bot7":1.0,"Bot3 - Bot1":-1.0,"Bot4 - Bot1":1.0,"Bot5 - Bot2":1.0,"Bot3 - Bot2":-1.0,"Bot4 - Bot3":-1.0,"Bot5 - Bot3":1.0,"Bot6 - Bot3":-1.0,"Bot3 - Bot4":1.0,"Bot4 - Bot6":1.0,"Bot7 - Bot5":1.0,"Bot4 - Bot5":1.0,"Bot6 - Bot4":1.0,"Bot7 - Bot4":-1.0,"Bot3 - Bot5":1.0,"Bot6 - Bot5":-1.0,"Bot5 - Bot6":1.0,"Bot3 - Bot6":-1.0,"Bot4 - Bot7":1.0,"Bot7 - Bot6":1.0,"Bot5 - Bot7":1.0,"Bot3 - Bot7":1.0,"Bot1 - Bot6":1.0,"Bot1 - Bot7":1.0,"Bot1 - Bot4":1.0,"Bot1 - Bot5":1.0,"Bot1 - Bot2":1.0,"Bot1 - Bot3":1.0,"Bot1 - Bot0":1.0,"Bot0 - Bot5":-1.0,"Bot0 - Bot6":1.0,"Bot0 - Bot7":1.0,"Bot2 - Bot7":-1.0,"Bot0 - Bot1":1.0,"Bot2 - Bot6":-1.0,"Bot0 - Bot2":1.0,"Bot2 - Bot5":1.0,"Bot0 - Bot3":-1.0,"Bot2 - Bot4":1.0,"Bot2 - Bot3":1.0,"Bot0 - Bot4":-1.0,"Bot2 - Bot1":-1.0,"Bot2 - Bot0":1.0},"finalScores":{"final":"[6.0, 12.0, 7.0, 7.0, 7.5, 6.5, 4.0, 6.0]"},"groupStageResults":{"group7":{"Bot0 - Bot1":1.0,"Bot1 - Bot4":1.0,"Bot0 - Bot2":1.0,"Bot0 - Bot3":1.0,"Bot1 - Bot2":1.0,"Bot2 - Bot4":1.0,"Bot0 - Bot4":1.0,"Bot1 - Bot3":1.0,"Bot2 - Bot3":-1.0,"Bot1 - Bot0":-1.0,"Bot2 - Bot1":1.0,"Bot2 - Bot0":-1.0,"Bot4 - Bot0":1.0,"Bot3 - Bot0":1.0,"Bot4 - Bot2":1.0,"Bot3 - Bot1":1.0,"Bot4 - Bot1":1.0,"Bot3 - Bot2":1.0,"Bot4 - Bot3":-1.0,"Bot3 - Bot4":-1.0},"group4":{"Bot0 - Bot1":-1.0,"Bot1 - Bot4":-1.0,"Bot0 - Bot2":1.0,"Bot0 - Bot3":1.0,"Bot1 - Bot2":-1.0,"Bot2 - Bot4":-1.0,"Bot0 - Bot4":1.0,"Bot1 - Bot3":-1.0,"Bot2 - Bot3":-1.0,"Bot1 - Bot0":-1.0,"Bot2 - Bot1":-1.0,"Bot2 - Bot0":-1.0,"Bot4 - Bot0":-1.0,"Bot3 - Bot0":-1.0,"Bot4 - Bot2":1.0,"Bot3 - Bot1":1.0,"Bot4 - Bot1":-1.0,"Bot3 - Bot2":1.0,"Bot4 - Bot3":1.0,"Bot3 - Bot4":-1.0},"group3":{"Bot0 - Bot1":1.0,"Bot1 - Bot4":-1.0,"Bot0 - Bot2":-1.0,"Bot0 - Bot3":1.0,"Bot1 - Bot2":-1.0,"Bot2 - Bot4":1.0,"Bot0 - Bot4":-1.0,"Bot1 - Bot3":-1.0,"Bot2 - Bot3":1.0,"Bot1 - Bot0":-1.0,"Bot2 - Bot1":-1.0,"Bot2 - Bot0":1.0,"Bot4 - Bot0":-1.0,"Bot3 - Bot0":1.0,"Bot4 - Bot2":1.0,"Bot3 - Bot1":1.0,"Bot4 - Bot1":-1.0,"Bot3 - Bot2":1.0,"Bot4 - Bot3":-1.0,"Bot3 - Bot4":1.0},"group6":{"Bot0 - Bot1":1.0,"Bot1 - Bot4":-1.0,"Bot0 - Bot2":-1.0,"Bot0 - Bot3":1.0,"Bot1 - Bot2":-1.0,"Bot2 - Bot4":-1.0,"Bot0 - Bot4":-1.0,"Bot1 - Bot3":-1.0,"Bot2 - Bot3":-1.0,"Bot1 - Bot0":-1.0,"Bot2 - Bot1":-1.0,"Bot2 - Bot0":0.5,"Bot4 - Bot0":-1.0,"Bot3 - Bot0":-1.0,