{"winner":{"border":-0.08147346338729688,"corner":0.5552815657895089,"freedom":-0.04686118000384143,"table":0.20546770948608706},"botsInfos":{"group1 - Bot1":{"border":0.9334483891864167,"corner":0.06538762478865023,"freedom":-0.2821760012649601,"table":-0.7641878634329591},"group2 - Bot3":{"border":-0.3519842765636356,"corner":-0.13377318895414358,"freedom":0.8957835298898655,"table":0.3164332293424661},"group0 - Bot0":{"border":-0.9473253032991222,"corner":0.212741368869805,"freedom":0.3634012980732666,"table":0.31397019484261257},"group1 - Bot0":{"border":-0.27974516610146716,"corner":0.45535726702287604,"freedom":-0.9838611020922607,"table":0.3201608294124456},"group2 - Bot4":{"border":0.09615219306133937,"corner":-0.8608347238138603,"freedom":0.6208769281997248,"table":-0.09798379739988095},"group3 - Bot4":{"border":-0.05808639918349878,"corner":-0.03874861959607245,"freedom":0.811718040889162,"table":-0.765059032194197},"group0 - Bot3":{"border":0.2558195931308136,"corner":-0.3271711394403878,"freedom":0.2346614860484395,"table":0.6708438136477393},"group3 - Bot2":{"border":-0.3619807290426511,"corner":0.7089592110510332,"freedom":0.07555185708988921,"table":-0.8332255241581377},"group4 - Bot4":{"border":-0.6706063198622971,"corner":0.6196665720112835,"freedom":-0.8071611726218493,"table":0.4388856642625416},"group0 - Bot4":{"border":-0.7349975330869183,"corner":0.43558679581438975,"freedom":-0.88347296562255,"table":-0.12729646030884267},"group1 - Bot4":{"border":0.5054585654500494,"corner":0.543377165100976,"freedom":0.8086445630600776,"table":-0.8712676083806798},"group2 - Bot0":{"border":0.7515282925308433,"corner":0.06728782680375645,"freedom":-0.028861297193129243,"table":0.8168207657733184},"group3 - Bot3":{"border":-0.13448392117422858,"corner":-0.2822797736686744,"freedom":0.6914696449981808,"table":0.673225710827531},"group4 - Bot3":{"border":-0.17982914216870727,"corner":0.3248096175341435,"freedom":-0.8524153828053471,"table":0.18566805651290363},"group0 - Bot1":{"border":0.4720029486843611,"corner":-0.5368890344355877,"freedom":-0.5770251925722352,"table":0.4977787553358053},"group1 - Bot3":{"border":0.43424194281574824,"corner":0.09464244644884934,"freedom":0.3634012980732666,"table":0.7577933356165776},"group2 - Bot1":{"border":-0.9096836555022076,"corner":0.5958127042659376,"freedom":-0.95860561694685,"table":-0.8478234246332892},"group3 - Bot0":{"border":-0.9990982454223694,"corner":0.11552257363026386,"freedom":0.014239981997162587,"table":0.9063099776015777},"group4 - Bot2":{"border":-0.8852679513838815,"corner":0.0327387655028073,"freedom":0.29952261934282864,"table":0.3426564569056494},"group0 - Bot2":{"border":-0.5215411512852002,"corner":0.08923939329297514,"freedom":-0.33278669415160134,"table":-0.5646518711158333},"group1 - Bot2":{"border":0.30885804996550514,"corner":-0.6044526767194944,"freedom":0.6667743442965146,"table":-0.03300521062231332},"group2 - Bot2":{"border":0.5610134462654595,"corner":0.9159947189419486,"freedom":0.7851039257885275,"table":-0.04196706586423882},"group3 - Bot1":{"border":-0.9694546818380183,"corner":0.014209986117076356,"freedom":0.11750047457461998,"table":0.3590586720951283},"group4 - Bot1":{"border":-0.9990982454223694,"corner":0.11552257363026386,"freedom":0.014239981997162587,"table":-0.8161166080596773},"group4 - Bot0":{"border":-0.6103901657758066,"corner":-0.14844994936580425,"freedom":0.8757454921853745,"table":0.5485250055408022},"group6 - Bot0":{"border":-0.08147346338729688,"corner":0.5552815657895089,"freedom":-0.04686118000384143,"table":0.20546770948608706},"group7 - Bot2":{"border":-0.5445929864543535,"corner":0.8501972009894405,"freedom":0.3984771680492798,"table":-0.918854462129671},"group7 - Bot3":{"border":-0.15193504811016423,"corner":-0.2501375663010881,"freedom":0.7164526119262378,"table":-0.3281152775116074},"group5 - Bot0":{"border":-0.38265479782669254,"corner":-0.578707328702627,"freedom":0.23873187396887663,"table":0.1815017702550581},"group6 - Bot2":{"border":0.08648662998321566,"corner":-0.26802766125246325,"freedom":0.48419029659292634,"table":-0.76350849828857},"group7 - Bot0":{"border":-0.9939484607687965,"corner":0.7410188008635432,"freedom":0.3729391684500729,"table":0.4231620185277922},"group5 - Bot1":{"border":0.8559713692476094,"corner":-0.5650942942187012,"freedom":-0.8170621579731512,"table":0.8078340919616449},"group6 - Bot1":{"border":-0.8903039828236692,"corner":-0.4022379140286749,"freedom":0.4595425257405885,"table":-0.15978987158452163},"group7 - Bot1":{"border":0.32708921199774865,"corner":0.9731503397387806,"freedom":-0.056794381465861576,"table":-0.07772282345239656},"group5 - Bot2":{"border":-0.7800335947891099,"corner":-0.06920907729630854,"freedom":0.6962367065282462,"table":0.7852199358870866},"group6 - Bot4":{"border":-0.27044868527650623,"corner":0.3118185116863703,"freedom":0.03407689747674625,"table":-0.09117995726171224},"group5 - Bot3":{"border":-0.3190483663589596,"corner":-0.1303596256826347,"freedom":0.5920769509649779,"table":-0.2898034030441925},"group6 - Bot3":{"border":0.05481045441588939,"corner":-0.6643005543564817,"freedom":0.4024461960143293,"table":0.4608889009027859},"group5 - Bot4":{"border":-0.46039799839076223,"corner":-0.37796568194534563,"freedom":-0.8419084936473242,"table":0.47963658236419615},"group7 - Bot4":{"border":-0.9990982454223694,"corner":0.11552257363026386,"freedom":-0.04918781686423812,"table":0.9063099776015777}},"finalResults":{"Bot7 - Bot1":1.0,"Bot7 - Bot0":1.0,"Bot6 - Bot0":1.0,"Bot6 - Bot1":1.0,"Bot7 - Bot3":-1.0,"Bot6 - Bot2":1.0,"Bot7 - Bot2":-1.0,"Bot5 - Bot0":-1.0,"Bot5 - Bot1":-1.0,"Bot4 - Bot0":-1.0,"Bot3 - Bot0":-1.0,"Bot4 - Bot2":1.0,"Bot5 - Bot4":1.0,"Bot6 - Bot7":1.0,"Bot4 - Bot1":1.0,"Bot3 - Bot1":1.0,"Bot5 - Bot2":1.0,"Bot3 - Bot2":-1.0,"Bot4 - Bot3":-1.0,"Bot5 - Bot3":1.0,"Bot3 - Bot4":1.0,"Bot6 - Bot3":1.0,"Bot4 - Bot6":0.5,"Bot7 - Bot5":-1.0,"Bot4 - Bot5":1.0,"Bot3 - Bot5":1.0,"Bot6 - Bot4":1.0,"Bot7 - Bot4":1.0,"Bot6 - Bot5":1.0,"Bot3 - Bot6":1.0,"Bot5 - Bot6":-1.0,"Bot4 - Bot7":1.0,"Bot5 - Bot7":1.0,"Bot3 - Bot7":-1.0,"Bot7 - Bot6":-1.0,"Bot1 - Bot6":1.0,"Bot1 - Bot7":-1.0,"Bot1 - Bot4":-1.0,"Bot1 - Bot5":-1.0,"Bot1 - Bot2":-1.0,"Bot1 - Bot3":1.0,"Bot1 - Bot0":-1.0,"Bot0 - Bot5":-1.0,"Bot0 - Bot6":-1.0,"Bot0 - Bot7":-1.0,"Bot2 - Bot7":1.0,"Bot0 - Bot1":1.0,"Bot2 - Bot6":-1.0,"Bot0 - Bot2":1.0,"Bot2 - Bot5":0.5,"Bot0 - Bot3":-1.0,"Bot2 - Bot4":1.0,"Bot2 - Bot3":-1.0,"Bot0 - Bot4":1.0,"Bot2 - Bot1":1.0,"Bot2 - Bot0":1.0},"finalScores":{"final":"[7.0, 3.0, 7.5, 8.0, 5.5, 7.5, 11.5, 6.0]"},"groupStageResults":{"group7":{"Bot0 - Bot1":1.0,"Bot1 - Bot4":-1.0,"Bot0 - Bot2":1.0,"Bot0 - Bot3":1.0,"Bot1 - Bot2":-1.0,"Bot2 - Bot4":1.0,"Bot0 - Bot4":1.0,"Bot1 - Bot3":1.0,"Bot2 - Bot3":1.0,"Bot1 - Bot0":-1.0,"Bot2 - Bot1":1.0,"Bot2 - Bot0":-1.0,"Bot4 - Bot0":1.0,"Bot3 - Bot0":1.0,"Bot4 - Bot2":1.0,"Bot3 - Bot1":1.0,"Bot4 - Bot1":1.0,"Bot3 - Bot2":1.0,"Bot4 - Bot3":1.0,"Bot3 - Bot4":-1.0},"group4":{"Bot0 - Bot1":1.0,"Bot1 - Bot4":-1.0,"Bot0 - Bot2":-1.0,"Bot0 - Bot3":1.0,"Bot1 - Bot2":-1.0,"Bot2 - Bot4":-1.0,"Bot0 - Bot4":-1.0,"Bot1 - Bot3":-1.0,"Bot2 - Bot3":-1.0,"Bot1 - Bot0":-1.0,"Bot2 - Bot1":1.0,"Bot2 - Bot0":1.0,"Bot4 - Bot0":1.0,"Bot3 - Bot0":1.0,"Bot4 - Bot2":1.0,"Bot3 - Bot1":-1.0,"Bot4 - Bot1":1.0,"Bot3 - Bot2":1.0,"Bot4 - Bot3":-1.0,"Bot3 - Bot4":1.0},"group3":{"Bot0 - Bot1":1.0,"Bot1 - Bot4":-1.0,"Bot0 - Bot2":1.0,"Bot0 - Bot3":1.0,"Bot1 - Bot2":1.0,"Bot2 - Bot4":-1.0,"Bot0 - Bot4":1.0,"Bot1 - Bot3":1.0,"Bot2 - Bot3":-1.0,"Bot1 - Bot0":-1.0,"Bot2 - Bot1":-1.0,"Bot2 - Bot0":-1.0,"Bot4 - Bot0":-1.0,"Bot3 - Bot0":-1.0,"Bot4 - Bot2":-1.0,"Bot3 - Bot1":1.0,"Bot4 - Bot1":-1.0,"Bot3 - Bot2":-1.0,"Bot4 - Bot3":-1.0,"Bot3 - Bot4":1.0},"group6":{"Bot0 - Bot1":1.0,"Bot1 - Bot4":-1.0,"Bot0 - Bot2":1.0,"Bot0 - Bot3":1.0,"Bot1 - Bot2":-1.0,"Bot2 - Bot4":0.5,"Bot0 - Bot4":1.0,"Bot1 - Bot3":1.0,"Bot2 - Bot3":-1.0,"Bot1 - Bot0":-1.0,"Bot2 - Bot1":-1.0,"Bot2 - Bot0":-1.0,"Bot4 - Bot0":-1.0,