{"winner":{"border":0.7515282925308433,"corner":0.06728782680375645,"freedom":-0.028861297193129243,"table":0.8168207657733184},"botsInfos":{"group1 - Bot1":{"border":-0.2756304264511593,"corner":0.9914085274666251,"freedom":0.5079429187707651,"table":-0.1914604948287013},"group2 - Bot3":{"border":-0.0884460887640679,"corner":0.06946209997733321,"freedom":0.8695077170754164,"table":0.3516533117851104},"group0 - Bot0":{"border":-0.48343138326321555,"corner":0.9901062004428509,"freedom":0.8884830054636377,"table":0.04769309893895923},"group1 - Bot0":{"border":-0.27974516610146716,"corner":0.45535726702287604,"freedom":-0.9838611020922607,"table":0.3201608294124456},"group2 - Bot4":{"border":0.750795187282296,"corner":0.5318480877963443,"freedom":0.5676505676984831,"table":0.521129805463922},"group3 - Bot4":{"border":-0.36021031511018786,"corner":-0.4209750996509136,"freedom":-0.7976898144487428,"table":-0.4801820845780673},"group0 - Bot3":{"border":-0.4101197497346021,"corner":-0.2630315129821046,"freedom":0.7699456880358926,"table":-0.6642234259596844},"group3 - Bot2":{"border":-0.9990982454223694,"corner":0.11552257363026386,"freedom":0.014239981997162587,"table":0.9063099776015777},"group4 - Bot4":{"border":0.20047357469810856,"corner":-0.2474345810324654,"freedom":-0.4503417871521116,"table":0.774277920488792},"group0 - Bot4":{"border":-0.5173238281903545,"corner":0.004544585784011845,"freedom":0.8991088965482252,"table":-0.09024066586156265},"group1 - Bot4":{"border":-0.7727306070657527,"corner":-0.8728275277895046,"freedom":-0.7778082825567922,"table":0.6403947765704605},"group2 - Bot0":{"border":-0.38620934012994446,"corner":0.0360048756348732,"freedom":-0.005133538225692735,"table":0.08144481080023813},"group3 - Bot3":{"border":0.525009115030445,"corner":0.9277005149984028,"freedom":0.6149485186447825,"table":0.20753979283555135},"group4 - Bot3":{"border":0.31722794421370937,"corner":-0.41510260715481184,"freedom":0.8570751004143564,"table":-0.533104042003776},"group0 - Bot1":{"border":-0.6285004781024057,"corner":0.212741368869805,"freedom":0.3634012980732666,"table":0.31397019484261257},"group1 - Bot3":{"border":-0.07923582288152642,"corner":-0.20133073113622935,"freedom":0.5393999072509916,"table":-0.6949655066301901},"group2 - Bot1":{"border":0.719005781340583,"corner":-0.6946337481548517,"freedom":0.9062244755909061,"table":-0.7296364207248296},"group3 - Bot0":{"border":0.2531847871950035,"corner":0.8223794649233234,"freedom":0.38764492131347295,"table":0.00447780692597477},"group4 - Bot2":{"border":-0.7123346505874066,"corner":0.09886849758234373,"freedom":-0.49405075078696314,"table":-0.26537588437086534},"group0 - Bot2":{"border":-0.23772622532987686,"corner":-0.9268313705987485,"freedom":0.15745118723175966,"table":-0.374976739111901},"group1 - Bot2":{"border":0.9785561847860071,"corner":0.795293910274409,"freedom":-0.19087356415378043,"table":-0.7617733637313815},"group2 - Bot2":{"border":0.7515282925308433,"corner":0.06728782680375645,"freedom":-0.028861297193129243,"table":0.8168207657733184},"group3 - Bot1":{"border":0.1467211218445852,"corner":-0.12179724822198845,"freedom":0.23878374112262635,"table":0.44434337160752624},"group4 - Bot1":{"border":-0.707824666275521,"corner":-0.4296855715756711,"freedom":0.49947913230226293,"table":-0.4202561966275029},"group4 - Bot0":{"border":-0.5173238281903545,"corner":0.004544585784011845,"freedom":0.8991088965482252,"table":0.5826724429306052},"group6 - Bot0":{"border":0.5171730200705957,"corner":0.6161170094428841,"freedom":-0.12655437110670187,"table":0.2556586979426878},"group7 - Bot2":{"border":0.6105979905246526,"corner":-0.3874069582800541,"freedom":0.09714137966209746,"table":-0.6428857317665793},"group7 - Bot3":{"border":0.2531847871950035,"corner":-0.9046216879683107,"freedom":0.38764492131347295,"table":0.00447780692597477},"group5 - Bot0":{"border":-0.38265479782669254,"corner":-0.578707328702627,"freedom":0.23873187396887663,"table":0.1815017702550581},"group6 - Bot2":{"border":-0.31049349576823104,"corner":-0.8957784909776505,"freedom":0.6864092691607506,"table":0.4604068956174334},"group7 - Bot0":{"border":-0.28480034690339284,"corner":0.09886849758234373,"freedom":-0.49405075078696314,"table":0.335663309558732},"group5 - Bot1":{"border":0.7191062624598374,"corner":0.2591120085959495,"freedom":-0.7517706682798013,"table":-0.32591269768879894},"group6 - Bot1":{"border":-0.08147346338729688,"corner":0.5552815657895089,"freedom":-0.04686118000384143,"table":0.20546770948608706},"group7 - Bot1":{"border":0.6782849236680224,"corner":-0.30314638660434223,"freedom":-0.6186033205379402,"table":-0.655533195012564},"group5 - Bot2":{"border":0.5012330547366997,"corner":0.9260123580635902,"freedom":0.37061171177215035,"table":0.6451030183154483},"group6 - Bot4":{"border":-0.5268907559104994,"corner":-0.8867996400507021,"freedom":0.5383560265575835,"table":-0.8455719729466074},"group5 - Bot3":{"border":-0.6112967747366713,"corner":-0.48611435675528125,"freedom":-0.1730116401623012,"table":-0.8254927571897357},"group6 - Bot3":{"border":0.07638002710030256,"corner":0.04690119258832248,"freedom":-0.49173469680382187,"table":-0.08384099671688161},"group5 - Bot4":{"border":-0.022833177106551084,"corner":-0.14260503881839348,"freedom":0.836000125357927,"table":0.6532465387226027},"group7 - Bot4":{"border":0.5643079132210633,"corner":-0.04737940577672539,"freedom":-0.17136305907532234,"table":-0.00403071473359784}},"finalResults":{"Bot7 - Bot1":1.0,"Bot7 - Bot0":0.5,"Bot6 - Bot0":1.0,"Bot6 - Bot1":1.0,"Bot7 - Bot3":-1.0,"Bot7 - Bot2":-1.0,"Bot6 - Bot2":1.0,"Bot5 - Bot0":-1.0,"Bot5 - Bot1":-1.0,"Bot4 - Bot0":-1.0,"Bot3 - Bot0":-1.0,"Bot4 - Bot2":-1.0,"Bot5 - Bot4":-1.0,"Bot6 - Bot7":1.0,"Bot4 - Bot1":1.0,"Bot3 - Bot1":-1.0,"Bot5 - Bot2":-1.0,"Bot3 - Bot2":-1.0,"Bot5 - Bot3":-1.0,"Bot4 - Bot3":-1.0,"Bot6 - Bot3":-1.0,"Bot3 - Bot4":1.0,"Bot4 - Bot6":1.0,"Bot7 - Bot5":-1.0,"Bot6 - Bot4":1.0,"Bot7 - Bot4":-1.0,"Bot4 - Bot5":-1.0,"Bot3 - Bot5":-1.0,"Bot6 - Bot5":1.0,"Bot5 - Bot6":-1.0,"Bot3 - Bot6":1.0,"Bot4 - Bot7":-1.0,"Bot5 - Bot7":1.0,"Bot7 - Bot6":-1.0,"Bot3 - Bot7":1.0,"Bot1 - Bot6":1.0,"Bot1 - Bot7":-1.0,"Bot1 - Bot4":1.0,"Bot1 - Bot5":-1.0,"Bot1 - Bot2":-1.0,"Bot1 - Bot3":-1.0,"Bot1 - Bot0":-1.0,"Bot0 - Bot5":1.0,"Bot0 - Bot6":-1.0,"Bot0 - Bot7":1.0,"Bot2 - Bot7":1.0,"Bot0 - Bot1":-1.0,"Bot2 - Bot6":1.0,"Bot0 - Bot2":-1.0,"Bot2 - Bot5":1.0,"Bot0 - Bot3":-1.0,"Bot2 - Bot4":-1.0,"Bot2 - Bot3":1.0,"Bot0 - Bot4":1.0,"Bot2 - Bot1":1.0,"Bot2 - Bot0":1.0},"finalScores":{"final":"[7.5, 5.0, 12.0, 9.0, 5.0, 5.0, 9.0, 3.5]"},"groupStageResults":{"group7":{"Bot0 - Bot1":1.0,"Bot1 - Bot4":-1.0,"Bot0 - Bot2":1.0,"Bot0 - Bot3":-1.0,"Bot1 - Bot2":-1.0,"Bot2 - Bot4":-1.0,"Bot0 - Bot4":1.0,"Bot1 - Bot3":-1.0,"Bot2 - Bot3":-1.0,"Bot1 - Bot0":-1.0,"Bot2 - Bot1":1.0,"Bot2 - Bot0":-1.0,"Bot4 - Bot0":-1.0,"Bot3 - Bot0":1.0,"Bot4 - Bot2":1.0,"Bot3 - Bot1":1.0,"Bot4 - Bot1":1.0,"Bot3 - Bot2":1.0,"Bot4 - Bot3":-1.0,"Bot3 - Bot4":1.0},"group4":{"Bot0 - Bot1":1.0,"Bot1 - Bot4":-1.0,"Bot0 - Bot2":-1.0,"Bot0 - Bot3":1.0,"Bot1 - Bot2":1.0,"Bot2 - Bot4":-1.0,"Bot0 - Bot4":1.0,"Bot1 - Bot3":1.0,"Bot2 - Bot3":-1.0,"Bot1 - Bot0":-1.0,"Bot2 - Bot1":-1.0,"Bot2 - Bot0":-1.0,"Bot4 - Bot0":1.0,"Bot3 - Bot0":0.5,"Bot4 - Bot2":1.0,"Bot3 - Bot1":-1.0,"Bot4 - Bot1":1.0,"Bot3 - Bot2":1.0,"Bot4 - Bot3":-1.0,"Bot3 - Bot4":-1.0},"group3":{"Bot0 - Bot1":1.0,"Bot1 - Bot4":1.0,"Bot0 - Bot2":1.0,"Bot0 - Bot3":1.0,"Bot1 - Bot2":-1.0,"Bot2 - Bot4":1.0,"Bot0 - Bot4":1.0,"Bot1 - Bot3":-1.0,"Bot2 - Bot3":1.0,"Bot1 - Bot0":1.0,"Bot2 - Bot1":1.0,"Bot2 - Bot0":1.0,"Bot4 - Bot0":1.0,"Bot3 - Bot0":-1.0,"Bot4 - Bot2":-1.0,"Bot3 - Bot1":1.0,"Bot4 - Bot1":-1.0,"Bot3 - Bot2":-1.0,"Bot4 - Bot3":0.5,"Bot3 - Bot4":1.0},"group6":{"Bot0 - Bot1":1.0,"Bot1 - Bot4":1.0,"Bot0 - Bot2":-1.0,"Bot0 - Bot3":1.0,"Bot1 - Bot2":1.0,"Bot2 - Bot4":1.0,"Bot0 - Bot4":1.0,"Bot1 - Bot3":1.0,"Bot2 - Bot3":1.0,"Bot1 - Bot0":1.0,"Bot2 - Bot1":-1.0,"Bot2 - Bot0":1.0,