{"winner":{"border":0.17696718012793822,"corner":0.1271788536010734,"freedom":-0.007974605359103215,"table":0.05348666178471828},"botsInfos":{"group1 - Bot1":{"border":0.38456217679563753,"corner":0.5816272718439028,"freedom":0.5071715089110682,"table":-0.36400042408460065},"group2 - Bot3":{"border":0.588838680832257,"corner":-0.701854585382647,"freedom":-0.8490005229445754,"table":-0.04165528708972355},"group0 - Bot0":{"border":0.0493418968829602,"corner":0.004792689004966322,"freedom":-0.8277214232224877,"table":0.2652293072410383},"group1 - Bot0":{"border":-0.27974516610146716,"corner":0.45535726702287604,"freedom":-0.9838611020922607,"table":0.3201608294124456},"group2 - Bot4":{"border":-0.2506487851667416,"corner":0.2635798234166491,"freedom":0.7025645058672891,"table":-0.38193598322343614},"group3 - Bot4":{"border":-0.8544754254464482,"corner":0.915259018790167,"freedom":-0.8850232139396303,"table":-0.10270936873659986},"group0 - Bot3":{"border":0.39695523467900373,"corner":0.7206570284044647,"freedom":0.7064362673117384,"table":-0.39749769368313137},"group3 - Bot2":{"border":-0.3117456466255808,"corner":-0.6184158146837955,"freedom":0.8018728744636856,"table":-0.6978968425085625},"group4 - Bot4":{"border":0.9830919090701871,"corner":0.2910474298616115,"freedom":-0.7887447299754824,"table":0.43708127680930486},"group0 - Bot4":{"border":0.05273929945692779,"corner":0.9657611637865422,"freedom":0.3692873095609148,"table":0.6520687747062588},"group1 - Bot4":{"border":-0.5457371428573556,"corner":0.7117958495356189,"freedom":-0.43815516445553304,"table":-0.5966173445435878},"group2 - Bot0":{"border":0.17696718012793822,"corner":0.1271788536010734,"freedom":-0.007974605359103215,"table":0.05348666178471828},"group3 - Bot3":{"border":0.9690656631259631,"corner":0.3042756697867097,"freedom":0.9271078175572445,"table":-0.03263561704651474},"group4 - Bot3":{"border":-0.5173238281903545,"corner":0.004544585784011845,"freedom":0.8991088965482252,"table":0.5826724429306052},"group0 - Bot1":{"border":-0.6921986825550299,"corner":0.12801289348330958,"freedom":-0.0071335262996763404,"table":-0.8006012892065357},"group1 - Bot3":{"border":-0.1900120753038541,"corner":-0.6509170126396968,"freedom":-0.17852232365959875,"table":0.44506865713851274},"group2 - Bot1":{"border":-0.2475467530465847,"corner":0.290854480625913,"freedom":-0.41989109073315367,"table":-0.24853937898124911},"group3 - Bot0":{"border":0.20637034264025234,"corner":0.7736300406925383,"freedom":0.01642995063772168,"table":0.524845606346078},"group4 - Bot2":{"border":-0.7967883807563001,"corner":0.4103457800233883,"freedom":-0.29027891188981947,"table":-0.9529351432349913},"group0 - Bot2":{"border":-0.48343138326321555,"corner":0.9901062004428509,"freedom":0.8884830054636377,"table":0.04769309893895923},"group1 - Bot2":{"border":0.872231682557312,"corner":0.8174507993864992,"freedom":-0.8667975023086905,"table":-0.9027768436541215},"group2 - Bot2":{"border":0.026284792483614705,"corner":0.47448552879923267,"freedom":0.4534966264366671,"table":0.9920578487450198},"group3 - Bot1":{"border":-0.4595231302026499,"corner":0.09886849758234373,"freedom":-0.49405075078696314,"table":0.335663309558732},"group4 - Bot1":{"border":-0.7330095904126437,"corner":-0.3967936541717789,"freedom":-0.915102254277685,"table":0.8665947296250036},"group4 - Bot0":{"border":0.06153952182943767,"corner":-0.1900193353516988,"freedom":0.5168715855179504,"table":0.07884272380145307},"group6 - Bot0":{"border":0.7383219701664174,"corner":0.7736300406925383,"freedom":0.01642995063772168,"table":0.524845606346078},"group7 - Bot2":{"border":-0.20927755813589322,"corner":0.3544819557011212,"freedom":-0.12534677810536254,"table":0.8999352181103826},"group7 - Bot3":{"border":0.6727865944701974,"corner":0.2242763462679851,"freedom":0.0811184058088017,"table":0.3209113186080812},"group5 - Bot0":{"border":0.5443293792129684,"corner":0.09886849758234373,"freedom":-0.49405075078696314,"table":0.335663309558732},"group6 - Bot2":{"border":-0.8079332979534546,"corner":0.9865137235586008,"freedom":-0.378967436099239,"table":-0.49720657141546853},"group7 - Bot0":{"border":-0.28480034690339284,"corner":0.09886849758234373,"freedom":-0.49405075078696314,"table":0.335663309558732},"group5 - Bot1":{"border":0.780283293544819,"corner":0.11599614461759034,"freedom":0.6298200555587905,"table":0.7017140751065112},"group6 - Bot1":{"border":-0.6514720296537613,"corner":0.33190212593406954,"freedom":0.47178582239409894,"table":-0.7537661475721884},"group7 - Bot1":{"border":-0.28480034690339284,"corner":-0.8126624566073872,"freedom":-0.49405075078696314,"table":0.335663309558732},"group5 - Bot2":{"border":0.5669826778527154,"corner":-0.9187214912578869,"freedom":0.5643751664635503,"table":0.5921561205254167},"group6 - Bot4":{"border":-0.3093243620609434,"corner":0.8506884626155451,"freedom":0.22896181809258875,"table":-0.7419671926920497},"group5 - Bot3":{"border":0.016010704850857094,"corner":-0.8009652266326672,"freedom":-0.33244362003033534,"table":0.9095528779504019},"group6 - Bot3":{"border":0.7487589477070986,"corner":-0.32669402175393003,"freedom":0.6277475382814226,"table":-0.01933087939716005},"group5 - Bot4":{"border":-0.5991797681512714,"corner":0.09886849758234373,"freedom":-0.49405075078696314,"table":-0.44107152027023466},"group7 - Bot4":{"border":-0.31521687800694975,"corner":-0.04010595561636965,"freedom":0.5096428535978619,"table":-0.6844373293219281}},"finalResults":{"Bot7 - Bot1":-1.0,"Bot7 - Bot0":1.0,"Bot6 - Bot0":-1.0,"Bot6 - Bot1":1.0,"Bot7 - Bot3":-1.0,"Bot7 - Bot2":1.0,"Bot6 - Bot2":1.0,"Bot5 - Bot0":1.0,"Bot5 - Bot1":-1.0,"Bot4 - Bot0":1.0,"Bot3 - Bot0":-1.0,"Bot4 - Bot2":-1.0,"Bot5 - Bot4":-1.0,"Bot6 - Bot7":1.0,"Bot4 - Bot1":-1.0,"Bot3 - Bot1":1.0,"Bot5 - Bot2":-1.0,"Bot3 - Bot2":-1.0,"Bot4 - Bot3":-1.0,"Bot5 - Bot3":-1.0,"Bot6 - Bot3":-1.0,"Bot3 - Bot4":1.0,"Bot7 - Bot5":1.0,"Bot4 - Bot6":1.0,"Bot7 - Bot4":-1.0,"Bot4 - Bot5":-1.0,"Bot6 - Bot4":-1.0,"Bot3 - Bot5":1.0,"Bot5 - Bot6":1.0,"Bot6 - Bot5":1.0,"Bot3 - Bot6":1.0,"Bot7 - Bot6":1.0,"Bot4 - Bot7":-1.0,"Bot5 - Bot7":1.0,"Bot3 - Bot7":1.0,"Bot1 - Bot6":-1.0,"Bot1 - Bot7":1.0,"Bot1 - Bot4":-1.0,"Bot1 - Bot5":-1.0,"Bot1 - Bot2":-1.0,"Bot1 - Bot3":1.0,"Bot1 - Bot0":-1.0,"Bot0 - Bot5":-1.0,"Bot0 - Bot6":1.0,"Bot0 - Bot7":-1.0,"Bot2 - Bot7":-1.0,"Bot0 - Bot1":-1.0,"Bot2 - Bot6":1.0,"Bot0 - Bot2":-1.0,"Bot2 - Bot5":1.0,"Bot0 - Bot3":-1.0,"Bot2 - Bot4":1.0,"Bot2 - Bot3":1.0,"Bot0 - Bot4":-1.0,"Bot2 - Bot1":1.0,"Bot2 - Bot0":1.0},"finalScores":{"final":"[4.0, 6.0, 11.0, 10.0, 7.0, 6.0, 5.0, 7.0]"},"groupStageResults":{"group7":{"Bot0 - Bot1":1.0,"Bot1 - Bot4":1.0,"Bot0 - Bot2":1.0,"Bot0 - Bot3":1.0,"Bot1 - Bot2":1.0,"Bot2 - Bot4":1.0,"Bot0 - Bot4":1.0,"Bot1 - Bot3":-1.0,"Bot2 - Bot3":1.0,"Bot1 - Bot0":1.0,"Bot2 - Bot1":-1.0,"Bot2 - Bot0":-1.0,"Bot4 - Bot0":-1.0,"Bot3 - Bot0":-1.0,"Bot4 - Bot2":-1.0,"Bot3 - Bot1":-1.0,"Bot4 - Bot1":-1.0,"Bot3 - Bot2":1.0,"Bot4 - Bot3":-1.0,"Bot3 - Bot4":1.0},"group4":{"Bot0 - Bot1":-1.0,"Bot1 - Bot4":-1.0,"Bot0 - Bot2":1.0,"Bot0 - Bot3":-1.0,"Bot1 - Bot2":1.0,"Bot2 - Bot4":-1.0,"Bot0 - Bot4":1.0,"Bot1 - Bot3":1.0,"Bot2 - Bot3":-1.0,"Bot1 - Bot0":1.0,"Bot2 - Bot1":-1.0,"Bot2 - Bot0":-1.0,"Bot4 - Bot0":-1.0,"Bot3 - Bot0":1.0,"Bot4 - Bot2":1.0,"Bot3 - Bot1":1.0,"Bot4 - Bot1":1.0,"Bot3 - Bot2":1.0,"Bot4 - Bot3":1.0,"Bot3 - Bot4":1.0},"group3":{"Bot0 - Bot1":1.0,"Bot1 - Bot4":1.0,"Bot0 - Bot2":1.0,"Bot0 - Bot3":1.0,"Bot1 - Bot2":1.0,"Bot2 - Bot4":1.0,"Bot0 - Bot4":1.0,"Bot1 - Bot3":1.0,"Bot2 - Bot3":0.5,"Bot1 - Bot0":-1.0,"Bot2 - Bot1":-1.0,"Bot2 - Bot0":-1.0,"Bot4 - Bot0":-1.0,"Bot3 - Bot0":-1.0,"Bot4 - Bot2":-1.0,"Bot3 - Bot1":-1.0,"Bot4 - Bot1":-1.0,"Bot3 - Bot2":-1.0,"Bot4 - Bot3":1.0,"Bot3 - Bot4":1.0},"group6":{"Bot0 - Bot1":1.0,"Bot1 - Bot4":1.0,"Bot0 - Bot2":1.0,"Bot0 - Bot3":-1.0,"Bot1 - Bot2":1.0,"Bot2 - Bot4":-1.0,"Bot0 - Bot4":1.0,"Bot1 - Bot3":-1.0,"Bot2 - Bot3":-1.0,"Bot1 - Bot0":-1.0,"Bot2 - Bot1":1.0,"Bot2 - Bot0":1.0,"Bot4 - Bot0":1.0,