{"winner":{"border":0.7383219701664174,"corner":0.7736300406925383,"freedom":0.01642995063772168,"table":0.524845606346078},"botsInfos":{"group1 - Bot1":{"border":-0.9436346666859547,"corner":0.36125083140670333,"freedom":0.790741755399905,"table":-0.9317102704606874},"group2 - Bot3":{"border":0.8274864970606786,"corner":-0.33286071324647803,"freedom":-5.3464492987043144E-5,"table":0.742907892808133},"group0 - Bot0":{"border":0.0493418968829602,"corner":0.004792689004966322,"freedom":-0.8277214232224877,"table":0.2652293072410383},"group1 - Bot0":{"border":-0.27974516610146716,"corner":0.45535726702287604,"freedom":-0.9838611020922607,"table":0.3201608294124456},"group2 - Bot4":{"border":-0.38222145471464053,"corner":-0.6152916954565542,"freedom":-0.9019084727177433,"table":-0.04724079970388151},"group3 - Bot4":{"border":0.802029620068174,"corner":0.08573617807539047,"freedom":-0.5956547267717585,"table":0.6771494423386089},"group0 - Bot3":{"border":0.16315603735632145,"corner":0.7454797929605501,"freedom":0.006083154289879156,"table":-0.304416129193001},"group3 - Bot2":{"border":0.9269196916963354,"corner":0.04832572565597082,"freedom":-0.3848740861470479,"table":0.3338149509952919},"group4 - Bot4":{"border":-0.7160653181525145,"corner":-0.480101536026903,"freedom":-0.9321861998237104,"table":0.7909331882489063},"group0 - Bot4":{"border":-0.34305801137532077,"corner":-0.7793677777574097,"freedom":0.35859794490015817,"table":0.8043718740888182},"group1 - Bot4":{"border":0.9166838265882471,"corner":-0.3849252199855484,"freedom":-0.6205345171495209,"table":0.788432923289285},"group2 - Bot0":{"border":0.17696718012793822,"corner":0.1271788536010734,"freedom":-0.007974605359103215,"table":0.05348666178471828},"group3 - Bot3":{"border":0.813106122011805,"corner":-0.4595521354174157,"freedom":-0.619128862732023,"table":-0.6533401749311627},"group4 - Bot3":{"border":0.9708852348456827,"corner":0.41252612169822944,"freedom":-0.730996604078678,"table":-0.7127624611146797},"group0 - Bot1":{"border":-0.48030759818077096,"corner":0.3494615859963459,"freedom":0.7124711991770281,"table":0.10770526594135665},"group1 - Bot3":{"border":-0.14334412693615484,"corner":-0.1400487494616094,"freedom":-0.5464402951663723,"table":0.4427821492006314},"group2 - Bot1":{"border":-0.9931829982387146,"corner":-0.8115822126834633,"freedom":-0.5987266035021657,"table":-0.02102093260373472},"group3 - Bot0":{"border":0.20637034264025234,"corner":0.7736300406925383,"freedom":0.01642995063772168,"table":0.524845606346078},"group4 - Bot2":{"border":-0.12554802009104815,"corner":0.09672455622752407,"freedom":-0.2273004769289082,"table":-0.9282207665807838},"group0 - Bot2":{"border":-0.9777372761986312,"corner":0.1610234315795065,"freedom":-0.27999062094921023,"table":-0.3758003124894931},"group1 - Bot2":{"border":0.7578494791121746,"corner":0.8207258748875057,"freedom":-0.1413492403298302,"table":-0.5898928507572418},"group2 - Bot2":{"border":-0.11479744496529154,"corner":-0.20272306378796223,"freedom":-0.4610907782597289,"table":-0.3693576746592382},"group3 - Bot1":{"border":-0.6060036074387734,"corner":-0.9679104174386539,"freedom":-0.8027130744060011,"table":-0.8095077067791916},"group4 - Bot1":{"border":0.9107793485610454,"corner":0.8308793278794229,"freedom":0.14803232203912953,"table":-0.006063503417539806},"group4 - Bot0":{"border":0.06153952182943767,"corner":-0.1900193353516988,"freedom":0.5168715855179504,"table":0.07884272380145307},"group6 - Bot0":{"border":0.7383219701664174,"corner":0.7736300406925383,"freedom":0.01642995063772168,"table":0.524845606346078},"group7 - Bot2":{"border":-0.28480034690339284,"corner":0.09886849758234373,"freedom":-0.49405075078696314,"table":0.335663309558732},"group7 - Bot3":{"border":0.8973470291878591,"corner":-0.7783637118069202,"freedom":0.2918085268442394,"table":0.34935408305839855},"group5 - Bot0":{"border":0.5443293792129684,"corner":0.09886849758234373,"freedom":-0.49405075078696314,"table":0.335663309558732},"group6 - Bot2":{"border":0.8924124396252358,"corner":0.1271788536010734,"freedom":-0.007974605359103215,"table":0.05348666178471828},"group7 - Bot0":{"border":0.34025797116299383,"corner":-0.48936865531228313,"freedom":0.26595805886820023,"table":0.18072270758855646},"group5 - Bot1":{"border":-0.7495072740561115,"corner":-0.3669648635318654,"freedom":-0.8817213992313144,"table":-0.21750916410333976},"group6 - Bot1":{"border":0.19357532492282203,"corner":0.7706174749697976,"freedom":0.58667272508157,"table":-0.3719272159144005},"group7 - Bot1":{"border":0.9604416619825336,"corner":-0.7060100879580629,"freedom":0.551570747364382,"table":-0.5318928171685808},"group5 - Bot2":{"border":-0.171884171691977,"corner":0.6957261655306639,"freedom":0.6859762019548337,"table":0.12100447978379036},"group6 - Bot4":{"border":-0.4511107696221772,"corner":0.24399032834694911,"freedom":0.6137255010456852,"table":0.7594918453015},"group5 - Bot3":{"border":0.7809782940029819,"corner":-0.5970216811764808,"freedom":-0.18231727410224097,"table":0.05325625991880356},"group6 - Bot3":{"border":-0.18821317410517047,"corner":-0.2405126752128064,"freedom":-0.02157377896700785,"table":0.7691846900059136},"group5 - Bot4":{"border":-0.5292654382172903,"corner":-0.9038756495889142,"freedom":-0.602039526360439,"table":0.9214131488905313},"group7 - Bot4":{"border":-0.27974516610146716,"corner":0.45535726702287604,"freedom":0.9283894359535909,"table":0.3201608294124456}},"finalResults":{"Bot7 - Bot1":-1.0,"Bot7 - Bot0":1.0,"Bot6 - Bot0":1.0,"Bot6 - Bot1":1.0,"Bot7 - Bot3":-1.0,"Bot7 - Bot2":1.0,"Bot6 - Bot2":-1.0,"Bot5 - Bot0":-1.0,"Bot5 - Bot1":1.0,"Bot4 - Bot0":1.0,"Bot3 - Bot0":-1.0,"Bot4 - Bot2":-1.0,"Bot5 - Bot4":1.0,"Bot6 - Bot7":1.0,"Bot4 - Bot1":1.0,"Bot3 - Bot1":-1.0,"Bot5 - Bot2":-1.0,"Bot3 - Bot2":-1.0,"Bot4 - Bot3":-1.0,"Bot5 - Bot3":-1.0,"Bot6 - Bot3":1.0,"Bot3 - Bot4":1.0,"Bot7 - Bot5":1.0,"Bot4 - Bot6":1.0,"Bot7 - Bot4":1.0,"Bot4 - Bot5":1.0,"Bot6 - Bot4":1.0,"Bot3 - Bot5":1.0,"Bot5 - Bot6":-1.0,"Bot6 - Bot5":-1.0,"Bot3 - Bot6":-1.0,"Bot7 - Bot6":-1.0,"Bot5 - Bot7":1.0,"Bot4 - Bot7":1.0,"Bot3 - Bot7":-1.0,"Bot1 - Bot6":1.0,"Bot1 - Bot7":1.0,"Bot1 - Bot4":-1.0,"Bot1 - Bot5":1.0,"Bot1 - Bot2":1.0,"Bot1 - Bot3":1.0,"Bot1 - Bot0":1.0,"Bot0 - Bot5":1.0,"Bot0 - Bot6":1.0,"Bot0 - Bot7":1.0,"Bot2 - Bot7":-1.0,"Bot0 - Bot1":1.0,"Bot2 - Bot6":-1.0,"Bot0 - Bot2":1.0,"Bot2 - Bot5":-1.0,"Bot0 - Bot3":-1.0,"Bot2 - Bot4":1.0,"Bot2 - Bot3":1.0,"Bot0 - Bot4":-1.0,"Bot2 - Bot1":1.0,"Bot2 - Bot0":-1.0},"finalScores":{"final":"[8.0, 8.0, 7.0, 6.0, 7.0, 5.0, 9.0, 6.0]"},"groupStageResults":{"group7":{"Bot0 - Bot1":1.0,"Bot1 - Bot4":-1.0,"Bot0 - Bot2":1.0,"Bot0 - Bot3":-1.0,"Bot1 - Bot2":-1.0,"Bot2 - Bot4":1.0,"Bot0 - Bot4":-1.0,"Bot1 - Bot3":1.0,"Bot2 - Bot3":1.0,"Bot1 - Bot0":-1.0,"Bot2 - Bot1":1.0,"Bot2 - Bot0":1.0,"Bot4 - Bot0":-1.0,"Bot3 - Bot0":-1.0,"Bot4 - Bot2":-1.0,"Bot3 - Bot1":1.0,"Bot4 - Bot1":1.0,"Bot3 - Bot2":-1.0,"Bot4 - Bot3":0.5,"Bot3 - Bot4":1.0},"group4":{"Bot0 - Bot1":1.0,"Bot1 - Bot4":1.0,"Bot0 - Bot2":1.0,"Bot0 - Bot3":1.0,"Bot1 - Bot2":1.0,"Bot2 - Bot4":-1.0,"Bot0 - Bot4":1.0,"Bot1 - Bot3":-1.0,"Bot2 - Bot3":1.0,"Bot1 - Bot0":1.0,"Bot2 - Bot1":-1.0,"Bot2 - Bot0":-1.0,"Bot4 - Bot0":-1.0,"Bot3 - Bot0":-1.0,"Bot4 - Bot2":1.0,"Bot3 - Bot1":-1.0,"Bot4 - Bot1":-1.0,"Bot3 - Bot2":0.5,"Bot4 - Bot3":1.0,"Bot3 - Bot4":0.5},"group3":{"Bot0 - Bot1":-1.0,"Bot1 - Bot4":0.5,"Bot0 - Bot2":1.0,"Bot0 - Bot3":1.0,"Bot1 - Bot2":-1.0,"Bot2 - Bot4":1.0,"Bot0 - Bot4":1.0,"Bot1 - Bot3":-1.0,"Bot2 - Bot3":1.0,"Bot1 - Bot0":-1.0,"Bot2 - Bot1":-1.0,"Bot2 - Bot0":1.0,"Bot4 - Bot0":-1.0,"Bot3 - Bot0":-1.0,"Bot4 - Bot2":-1.0,"Bot3 - Bot1":-1.0,"Bot4 - Bot1":1.0,"Bot3 - Bot2":1.0,"Bot4 - Bot3":-1.0,"Bot3 - Bot4":-1.0},"group6":{"Bot0 - Bot1":1.0,"Bot1 - Bot4":-1.0,"Bot0 - Bot2":1.0,"Bot0 - Bot3":1.0,"Bot1 - Bot2":-1.0,"Bot2 - Bot4":1.0,"Bot0 - Bot4":1.0,"Bot1 - Bot3":0.5,"Bot2 - Bot3":-1.0,"Bot1 - Bot0":-1.0,"Bot2 - Bot1":1.0,"Bot2 - Bot0":-1.0,"Bot4 - Bot0":1.0,