{"winner":{"border":0.7383219701664174,"corner":0.7736300406925383,"freedom":0.01642995063772168,"table":0.524845606346078},"botsInfos":{"group1 - Bot1":{"border":-0.37773343240946056,"corner":0.7498381109779253,"freedom":-0.8482890057884873,"table":0.1024854161584654},"group2 - Bot3":{"border":0.5062432942389152,"corner":-0.20645442648291712,"freedom":-0.7713532111904235,"table":-0.22351273397169336},"group0 - Bot0":{"border":0.7108798142706787,"corner":-0.8177743655982586,"freedom":-0.8569845349226228,"table":0.8599839454960041},"group1 - Bot0":{"border":0.4949336216085183,"corner":0.5798077230541301,"freedom":0.9625790075241405,"table":0.9699623611259267},"group2 - Bot4":{"border":0.4949336216085183,"corner":0.5798077230541301,"freedom":0.9625790075241405,"table":0.07393349242067115},"group3 - Bot4":{"border":0.37288872966049613,"corner":0.19559346025561086,"freedom":0.8152459706164319,"table":0.8848153232769089},"group0 - Bot3":{"border":-0.6506863346911329,"corner":-0.8843800636149932,"freedom":-0.8651334280063354,"table":-0.8758933265811568},"group3 - Bot2":{"border":-0.6632417555099333,"corner":-0.9059569851901916,"freedom":-0.29935989532540264,"table":-0.4630503353968387},"group4 - Bot4":{"border":-0.11665971025102473,"corner":0.10837621575243883,"freedom":0.25381044519274276,"table":0.6264925858775652},"group0 - Bot4":{"border":0.19633694108410182,"corner":-0.9602649850387153,"freedom":0.9099591572033858,"table":0.8663846050432633},"group1 - Bot4":{"border":0.4634287508846433,"corner":-0.29302313105704725,"freedom":0.7702413265662515,"table":0.07251392503884624},"group2 - Bot0":{"border":0.17696718012793822,"corner":0.1271788536010734,"freedom":-0.007974605359103215,"table":0.05348666178471828},"group3 - Bot3":{"border":-0.10552780809423745,"corner":-0.07511746207156555,"freedom":0.3615106685126599,"table":-0.6175949894548274},"group4 - Bot3":{"border":-0.4061385357112477,"corner":-0.4611394874086616,"freedom":0.4453426489605816,"table":-0.14951200743075876},"group0 - Bot1":{"border":-0.5074428878016295,"corner":0.028466581797256696,"freedom":-0.28125086433263413,"table":-0.8194953348146414},"group1 - Bot3":{"border":-0.27974516610146716,"corner":0.45535726702287604,"freedom":-0.9838611020922607,"table":0.3201608294124456},"group2 - Bot1":{"border":-0.2453425810758323,"corner":-0.5449692406865436,"freedom":0.24642354448306403,"table":-0.09618492911871335},"group3 - Bot0":{"border":0.19633694108410182,"corner":-0.9602649850387153,"freedom":-0.5473383590112337,"table":0.8663846050432633},"group4 - Bot2":{"border":0.7765137093296786,"corner":-0.07439150358025337,"freedom":-0.6446722619578495,"table":-0.1495605785549099},"group0 - Bot2":{"border":-0.9720888828407872,"corner":0.5553577081762955,"freedom":0.7755283644225681,"table":-0.047936731211357},"group1 - Bot2":{"border":0.5994935910880568,"corner":-0.14616032945135227,"freedom":0.02881261798947299,"table":-0.6515054098566881},"group2 - Bot2":{"border":0.7980812635483394,"corner":-0.35510191349840636,"freedom":-0.8579426724189272,"table":0.7695629201086416},"group3 - Bot1":{"border":0.20637034264025234,"corner":0.7736300406925383,"freedom":0.01642995063772168,"table":0.524845606346078},"group4 - Bot1":{"border":0.3338590316933501,"corner":-0.345689140522333,"freedom":-0.6147098559180828,"table":0.8514484781245415},"group4 - Bot0":{"border":0.7108798142706787,"corner":-0.8177743655982586,"freedom":-0.5902484727796331,"table":0.8599839454960041},"group6 - Bot0":{"border":0.7383219701664174,"corner":0.7736300406925383,"freedom":0.01642995063772168,"table":0.524845606346078},"group7 - Bot2":{"border":0.7002682212728708,"corner":-0.16393940957317188,"freedom":-0.11948558416113086,"table":0.35902283907336763},"group7 - Bot3":{"border":0.7358611341210255,"corner":-0.02688337169740307,"freedom":-0.9705143578457527,"table":-0.006160457875648451},"group5 - Bot0":{"border":-0.668029174290536,"corner":0.7374283492873555,"freedom":0.835196921008575,"table":0.31128462043650873},"group6 - Bot2":{"border":-0.17416550301687117,"corner":-0.8654689524104553,"freedom":0.0614706752757328,"table":-0.6693620436594374},"group7 - Bot0":{"border":0.8623426857469443,"corner":0.8836954887971618,"freedom":-0.5484089642311833,"table":0.8475880075585764},"group5 - Bot1":{"border":-0.20769700028948002,"corner":0.3921146454407425,"freedom":0.6308552895247361,"table":-0.19996830200626636},"group6 - Bot1":{"border":-0.09366766191841158,"corner":-0.8246990003340746,"freedom":0.32939008306846995,"table":0.4151461025365779},"group7 - Bot1":{"border":0.044107200909143884,"corner":-0.18662704270908925,"freedom":-0.1255647102034163,"table":-0.5645347504798934},"group5 - Bot2":{"border":-0.6985463508858001,"corner":0.8751299260054366,"freedom":0.22100270267646027,"table":0.9933724316944972},"group6 - Bot4":{"border":-0.9148636419950624,"corner":0.9627695231689635,"freedom":0.8114365693092671,"table":-0.683230561087065},"group5 - Bot3":{"border":-0.2661705527802114,"corner":0.3382816578986505,"freedom":0.06454445382038698,"table":-0.736529193971408},"group6 - Bot3":{"border":-0.20628118543834018,"corner":0.7902674494638977,"freedom":0.23253978439760825,"table":0.2396002936766104},"group5 - Bot4":{"border":0.03248185808139814,"corner":0.02187473500515491,"freedom":-0.3024663089586095,"table":-0.4003252081292503},"group7 - Bot4":{"border":-0.8255065026855337,"corner":0.49279414716066916,"freedom":0.5191955636276679,"table":0.43489292529046986}},"finalResults":{"Bot7 - Bot1":-1.0,"Bot6 - Bot0":1.0,"Bot7 - Bot0":-1.0,"Bot6 - Bot1":1.0,"Bot7 - Bot3":1.0,"Bot7 - Bot2":-1.0,"Bot6 - Bot2":-1.0,"Bot5 - Bot0":-1.0,"Bot5 - Bot1":-1.0,"Bot4 - Bot0":-1.0,"Bot3 - Bot0":1.0,"Bot4 - Bot2":1.0,"Bot5 - Bot4":1.0,"Bot6 - Bot7":-1.0,"Bot4 - Bot1":1.0,"Bot3 - Bot1":1.0,"Bot5 - Bot2":-1.0,"Bot3 - Bot2":0.5,"Bot4 - Bot3":1.0,"Bot5 - Bot3":-1.0,"Bot3 - Bot4":1.0,"Bot6 - Bot3":-1.0,"Bot7 - Bot5":-1.0,"Bot4 - Bot6":-1.0,"Bot4 - Bot5":1.0,"Bot7 - Bot4":1.0,"Bot3 - Bot5":1.0,"Bot6 - Bot4":1.0,"Bot5 - Bot6":-1.0,"Bot6 - Bot5":1.0,"Bot3 - Bot6":0.5,"Bot7 - Bot6":-1.0,"Bot5 - Bot7":1.0,"Bot4 - Bot7":1.0,"Bot3 - Bot7":1.0,"Bot1 - Bot6":-1.0,"Bot1 - Bot7":1.0,"Bot1 - Bot4":1.0,"Bot1 - Bot5":-1.0,"Bot1 - Bot2":-1.0,"Bot1 - Bot3":1.0,"Bot1 - Bot0":1.0,"Bot0 - Bot5":1.0,"Bot0 - Bot6":-1.0,"Bot0 - Bot7":-1.0,"Bot2 - Bot7":-1.0,"Bot0 - Bot1":-1.0,"Bot2 - Bot6":-1.0,"Bot0 - Bot2":1.0,"Bot2 - Bot5":1.0,"Bot0 - Bot3":-1.0,"Bot2 - Bot4":-1.0,"Bot2 - Bot3":1.0,"Bot0 - Bot4":1.0,"Bot2 - Bot1":1.0,"Bot2 - Bot0":-1.0},"finalScores":{"final":"[7.0, 7.0, 7.5, 9.0, 6.0, 4.0, 10.5, 5.0]"},"groupStageResults":{"group7":{"Bot0 - Bot1":1.0,"Bot1 - Bot4":1.0,"Bot0 - Bot2":-1.0,"Bot0 - Bot3":1.0,"Bot1 - Bot2":-1.0,"Bot2 - Bot4":1.0,"Bot0 - Bot4":1.0,"Bot1 - Bot3":1.0,"Bot2 - Bot3":1.0,"Bot1 - Bot0":-1.0,"Bot2 - Bot1":1.0,"Bot2 - Bot0":-1.0,"Bot4 - Bot0":0.5,"Bot3 - Bot0":-1.0,"Bot4 - Bot2":1.0,"Bot3 - Bot1":1.0,"Bot4 - Bot1":1.0,"Bot3 - Bot2":1.0,"Bot4 - Bot3":1.0,"Bot3 - Bot4":1.0},"group4":{"Bot0 - Bot1":1.0,"Bot1 - Bot4":-1.0,"Bot0 - Bot2":1.0,"Bot0 - Bot3":1.0,"Bot1 - Bot2":1.0,"Bot2 - Bot4":-1.0,"Bot0 - Bot4":1.0,"Bot1 - Bot3":1.0,"Bot2 - Bot3":-1.0,"Bot1 - Bot0":1.0,"Bot2 - Bot1":-1.0,"Bot2 - Bot0":-1.0,"Bot4 - Bot0":-1.0,"Bot3 - Bot0":-1.0,"Bot4 - Bot2":1.0,"Bot3 - Bot1":-1.0,"Bot4 - Bot1":1.0,"Bot3 - Bot2":1.0,"Bot4 - Bot3":1.0,"Bot3 - Bot4":-1.0},"group3":{"Bot0 - Bot1":-1.0,"Bot1 - Bot4":1.0,"Bot0 - Bot2":0.5,"Bot0 - Bot3":1.0,"Bot1 - Bot2":1.0,"Bot2 - Bot4":-1.0,"Bot0 - Bot4":1.0,"Bot1 - Bot3":1.0,"Bot2 - Bot3":-1.0,"Bot1 - Bot0":1.0,"Bot2 - Bot1":-1.0,"Bot2 - Bot0":1.0,"Bot4 - Bot0":1.0,"Bot3 - Bot0":-1.0,"Bot4 - Bot2":1.0,"Bot3 - Bot1":-1.0,"Bot4 - Bot1":-1.0,"Bot3 - Bot2":1.0,"Bot4 - Bot3":1.0,"Bot3 - Bot4":-1.0},"group6":{"Bot0 - Bot1":-1.0,"Bot1 - Bot4":1.0,"Bot0 - Bot2":1.0,"Bot0 - Bot3":1.0,"Bot1 - Bot2":1.0,"Bot2 - Bot4":-1.0,"Bot0 - Bot4":1.0,"Bot1 - Bot3":1.0,"Bot2 - Bot3":-1.0,"Bot1 - Bot0":-1.0,"Bot2 - Bot1":1.0,"Bot2 - Bot0":1.0,"Bot4 - Bot0":-1.0,