{"winner":{"border":0.17696718012793822,"corner":0.1271788536010734,"freedom":-0.007974605359103215,"table":0.05348666178471828},"botsInfos":{"group1 - Bot1":{"border":0.478894794677587,"corner":-0.32127407158667376,"freedom":-0.6030109507911929,"table":0.09298421483882247},"group2 - Bot3":{"border":0.13631908965169814,"corner":0.5482789396062144,"freedom":0.378449976058737,"table":-0.4598431371938787},"group0 - Bot0":{"border":0.7108798142706787,"corner":-0.8177743655982586,"freedom":-0.8569845349226228,"table":0.8599839454960041},"group1 - Bot0":{"border":-0.27974516610146716,"corner":0.45535726702287604,"freedom":-0.9838611020922607,"table":0.3201608294124456},"group2 - Bot4":{"border":-0.25944589260586404,"corner":0.04251800568102282,"freedom":0.2772465036120284,"table":0.6496348832309771},"group3 - Bot4":{"border":0.7989330675816884,"corner":0.5106590693749966,"freedom":0.0884375757240865,"table":-0.3883215338383217},"group0 - Bot3":{"border":0.7542853930731463,"corner":0.5547134899225636,"freedom":-0.5564702111022568,"table":0.7964474200799285},"group3 - Bot2":{"border":-0.30757087149685547,"corner":-0.7029659858761883,"freedom":-0.23478686519364,"table":0.6463979659897445},"group4 - Bot4":{"border":0.5094049261438485,"corner":-0.5372829266717789,"freedom":-0.23356561999723846,"table":-0.022206519713020345},"group0 - Bot4":{"border":-0.9702064012641121,"corner":0.542907510487147,"freedom":0.3728646214648017,"table":0.7761916018261501},"group1 - Bot4":{"border":-0.5167329240760461,"corner":0.0016968802756658352,"freedom":0.23926246706203913,"table":-0.3558996838484094},"group2 - Bot0":{"border":0.17696718012793822,"corner":0.1271788536010734,"freedom":-0.007974605359103215,"table":0.05348666178471828},"group3 - Bot3":{"border":0.76917219323659,"corner":-0.9695134906024581,"freedom":-0.6449510168311028,"table":-0.9171319994226406},"group4 - Bot3":{"border":0.06153952182943767,"corner":-0.1900193353516988,"freedom":0.5168715855179504,"table":0.07884272380145307},"group0 - Bot1":{"border":0.0493418968829602,"corner":0.004792689004966322,"freedom":-0.8277214232224877,"table":0.2652293072410383},"group1 - Bot3":{"border":-0.2844198235066542,"corner":0.45535726702287604,"freedom":-0.9838611020922607,"table":0.3201608294124456},"group2 - Bot1":{"border":0.7219778837393525,"corner":-0.8177743655982586,"freedom":-0.5902484727796331,"table":0.8599839454960041},"group3 - Bot0":{"border":0.20637034264025234,"corner":0.7736300406925383,"freedom":0.01642995063772168,"table":0.524845606346078},"group4 - Bot2":{"border":0.9738242732554958,"corner":0.5944861901789529,"freedom":0.8396780685836935,"table":-0.8386045674261715},"group0 - Bot2":{"border":-0.22282893646543345,"corner":-0.09439141971554355,"freedom":0.7132997544513404,"table":-0.5281241337073692},"group1 - Bot2":{"border":-0.023058350005254802,"corner":0.2691364772321245,"freedom":0.584983314868109,"table":-0.07511356424936944},"group2 - Bot2":{"border":-0.2516036324610309,"corner":0.6331082467186233,"freedom":-0.008712204940267476,"table":-0.476641401843769},"group3 - Bot1":{"border":-0.16304781685892933,"corner":-0.7068763856704687,"freedom":0.2419007093363048,"table":0.9233402219587732},"group4 - Bot1":{"border":0.07488570210087464,"corner":0.2621222086107369,"freedom":-0.5853591397589231,"table":-0.871041200782922},"group4 - Bot0":{"border":0.7108798142706787,"corner":-0.8177743655982586,"freedom":-0.5902484727796331,"table":0.8599839454960041},"group6 - Bot0":{"border":0.7383219701664174,"corner":0.7736300406925383,"freedom":0.01642995063772168,"table":0.524845606346078},"group7 - Bot2":{"border":0.5767375561062715,"corner":-0.5334177720408364,"freedom":0.31622987608726527,"table":-0.3587248484432102},"group7 - Bot3":{"border":-0.20682825912100444,"corner":0.39708482781075016,"freedom":-0.3629513329024183,"table":-0.44056111908632545},"group5 - Bot0":{"border":-0.668029174290536,"corner":0.7374283492873555,"freedom":0.835196921008575,"table":0.31128462043650873},"group6 - Bot2":{"border":-0.46061885534948854,"corner":-0.6720451429161094,"freedom":0.8413962019262522,"table":-0.23608675131393508},"group7 - Bot0":{"border":0.8623426857469443,"corner":0.8836954887971618,"freedom":-0.5484089642311833,"table":0.8475880075585764},"group5 - Bot1":{"border":0.5443293792129684,"corner":0.09886849758234373,"freedom":-0.49405075078696314,"table":0.335663309558732},"group6 - Bot1":{"border":0.9520980007273432,"corner":0.7322075539316779,"freedom":0.92122212598162,"table":0.28093667685108836},"group7 - Bot1":{"border":0.43364118437394295,"corner":0.09572802510043021,"freedom":0.5143483812310201,"table":-0.5426070176703139},"group5 - Bot2":{"border":0.4094542241291752,"corner":-0.1817048051401975,"freedom":0.4617235114574483,"table":0.7946829533722168},"group6 - Bot4":{"border":-0.2231747407509279,"corner":0.662785734225626,"freedom":-0.893079719740842,"table":0.2844015766135666},"group5 - Bot3":{"border":-0.7943415186949028,"corner":0.5455449330095554,"freedom":-0.3171117443973879,"table":-0.5956638239182668},"group6 - Bot3":{"border":0.23924619958309745,"corner":-0.8506900714201244,"freedom":0.9373595136215132,"table":0.2420108372344283},"group5 - Bot4":{"border":0.1237594992504818,"corner":-0.08012670848065295,"freedom":-0.7380867431666531,"table":0.3069819205411861},"group7 - Bot4":{"border":0.34025797116299383,"corner":-0.48936865531228313,"freedom":0.26595805886820023,"table":0.18072270758855646}},"finalResults":{"Bot7 - Bot1":-1.0,"Bot7 - Bot0":-1.0,"Bot6 - Bot0":1.0,"Bot6 - Bot1":-1.0,"Bot7 - Bot3":-1.0,"Bot7 - Bot2":-1.0,"Bot6 - Bot2":-1.0,"Bot5 - Bot0":-1.0,"Bot5 - Bot1":1.0,"Bot4 - Bot0":1.0,"Bot3 - Bot0":-1.0,"Bot4 - Bot2":1.0,"Bot5 - Bot4":1.0,"Bot6 - Bot7":1.0,"Bot4 - Bot1":-1.0,"Bot3 - Bot1":0.5,"Bot5 - Bot2":1.0,"Bot3 - Bot2":-1.0,"Bot5 - Bot3":-1.0,"Bot4 - Bot3":-1.0,"Bot6 - Bot3":1.0,"Bot3 - Bot4":1.0,"Bot7 - Bot5":1.0,"Bot4 - Bot6":-1.0,"Bot7 - Bot4":-1.0,"Bot4 - Bot5":0.5,"Bot6 - Bot4":1.0,"Bot3 - Bot5":1.0,"Bot5 - Bot6":-1.0,"Bot6 - Bot5":1.0,"Bot3 - Bot6":-1.0,"Bot5 - Bot7":-1.0,"Bot7 - Bot6":-1.0,"Bot4 - Bot7":1.0,"Bot3 - Bot7":1.0,"Bot1 - Bot6":1.0,"Bot1 - Bot7":-1.0,"Bot1 - Bot4":-1.0,"Bot1 - Bot5":-1.0,"Bot1 - Bot2":-1.0,"Bot1 - Bot3":-1.0,"Bot1 - Bot0":1.0,"Bot0 - Bot5":1.0,"Bot0 - Bot6":-1.0,"Bot0 - Bot7":-1.0,"Bot2 - Bot7":1.0,"Bot0 - Bot1":1.0,"Bot2 - Bot6":1.0,"Bot0 - Bot2":1.0,"Bot2 - Bot5":1.0,"Bot0 - Bot3":-1.0,"Bot2 - Bot4":1.0,"Bot2 - Bot3":1.0,"Bot0 - Bot4":0.5,"Bot2 - Bot1":1.0,"Bot2 - Bot0":1.0},"finalScores":{"final":"[6.5, 5.5, 11.0, 8.5, 6.0, 4.5, 10.0, 4.0]"},"groupStageResults":{"group7":{"Bot0 - Bot1":-1.0,"Bot1 - Bot4":1.0,"Bot0 - Bot2":-1.0,"Bot0 - Bot3":-1.0,"Bot1 - Bot2":-1.0,"Bot2 - Bot4":-1.0,"Bot0 - Bot4":1.0,"Bot1 - Bot3":-1.0,"Bot2 - Bot3":1.0,"Bot1 - Bot0":-1.0,"Bot2 - Bot1":1.0,"Bot2 - Bot0":-1.0,"Bot4 - Bot0":1.0,"Bot3 - Bot0":-1.0,"Bot4 - Bot2":1.0,"Bot3 - Bot1":1.0,"Bot4 - Bot1":1.0,"Bot3 - Bot2":1.0,"Bot4 - Bot3":1.0,"Bot3 - Bot4":-1.0},"group4":{"Bot0 - Bot1":1.0,"Bot1 - Bot4":-1.0,"Bot0 - Bot2":1.0,"Bot0 - Bot3":-1.0,"Bot1 - Bot2":-1.0,"Bot2 - Bot4":-1.0,"Bot0 - Bot4":1.0,"Bot1 - Bot3":0.5,"Bot2 - Bot3":-1.0,"Bot1 - Bot0":-1.0,"Bot2 - Bot1":1.0,"Bot2 - Bot0":-1.0,"Bot4 - Bot0":-1.0,"Bot3 - Bot0":1.0,"Bot4 - Bot2":1.0,"Bot3 - Bot1":1.0,"Bot4 - Bot1":1.0,"Bot3 - Bot2":1.0,"Bot4 - Bot3":-1.0,"Bot3 - Bot4":1.0},"group3":{"Bot0 - Bot1":1.0,"Bot1 - Bot4":1.0,"Bot0 - Bot2":1.0,"Bot0 - Bot3":1.0,"Bot1 - Bot2":-1.0,"Bot2 - Bot4":-1.0,"Bot0 - Bot4":1.0,"Bot1 - Bot3":1.0,"Bot2 - Bot3":-1.0,"Bot1 - Bot0":-1.0,"Bot2 - Bot1":-1.0,"Bot2 - Bot0":1.0,"Bot4 - Bot0":-1.0,"Bot3 - Bot0":-1.0,"Bot4 - Bot2":-1.0,"Bot3 - Bot1":-1.0,"Bot4 - Bot1":1.0,"Bot3 - Bot2":-1.0,"Bot4 - Bot3":-1.0,"Bot3 - Bot4":1.0},"group6":{"Bot0 - Bot1":1.0,"Bot1 - Bot4":1.0,"Bot0 - Bot2":1.0,"Bot0 - Bot3":-1.0,"Bot1 - Bot2":1.0,"Bot2 - Bot4":1.0,"Bot0 - Bot4":1.0,"Bot1 - Bot3":-1.0,"Bot2 - Bot3":-1.0,"Bot1 - Bot0":-1.0,"Bot2 - Bot1":1.0,"Bot2 - Bot0":-1.0,"Bot4 - Bot0":1.0,"Bot3 - Bot0":-1.0,