{"winner":{"border":0.5700159890224354,"corner":-0.7045372266056928,"freedom":0.5402228517345704,"table":0.08451007958931567},"botsInfos":{"group1 - Bot1":{"border":0.26188620216249503,"corner":-0.8174179936630284,"freedom":-0.8774631802838719,"table":-0.5410141125488155},"group2 - Bot3":{"border":0.6043452210860769,"corner":0.7913105258264839,"freedom":-0.37443004298922733,"table":0.9828716237886668},"group0 - Bot0":{"border":-0.7063765833047198,"corner":-0.775051596536853,"freedom":-0.587386896505816,"table":0.05683160463889414},"group1 - Bot0":{"border":0.5700159890224354,"corner":-0.7045372266056928,"freedom":0.5402228517345704,"table":0.08451007958931567},"group2 - Bot4":{"border":-0.44025126203226894,"corner":-0.18228962185547415,"freedom":0.9352223562031019,"table":-0.04083308746959036},"group3 - Bot4":{"border":-0.9525605035972422,"corner":0.7352235132989751,"freedom":-0.9724474098440288,"table":-0.8101057169931007},"group0 - Bot3":{"border":-0.4250564724666295,"corner":0.5912847675895314,"freedom":0.06593564997212908,"table":0.5946440582128365},"group3 - Bot2":{"border":-0.4975429750411273,"corner":-0.6828257196550742,"freedom":0.7580799252859387,"table":0.23608850141384252},"group4 - Bot4":{"border":0.15957263807413757,"corner":0.3617825490197255,"freedom":-0.9111446713571338,"table":0.3259163826339768},"group0 - Bot4":{"border":-0.3337035791921277,"corner":-0.433192037194456,"freedom":-0.0727416161154224,"table":0.9913285369243308},"group1 - Bot4":{"border":0.15957263807413757,"corner":-0.6633143380153603,"freedom":-0.45220358482429046,"table":0.3259163826339768},"group2 - Bot0":{"border":0.4851207031674072,"corner":-0.17414772129465494,"freedom":0.5813501876421849,"table":0.541617238904357},"group3 - Bot3":{"border":-0.18276598058003524,"corner":0.26435683483819195,"freedom":0.3512771814843356,"table":-0.9957644656671487},"group4 - Bot3":{"border":0.2584261036496103,"corner":-0.47241508839264146,"freedom":0.8291117188532546,"table":0.4296482738048699},"group0 - Bot1":{"border":-0.25637313897276015,"corner":-0.24866291800069296,"freedom":0.023835042665553807,"table":0.45956011866684743},"group1 - Bot3":{"border":-0.8861046305556561,"corner":-0.31879711669719457,"freedom":-0.3791697246429866,"table":0.0525904508716597},"group2 - Bot1":{"border":-0.9211558027146436,"corner":-0.416079002591937,"freedom":-0.10517555456646588,"table":0.6194468013403767},"group3 - Bot0":{"border":-0.3337035791921277,"corner":0.6104538448777825,"freedom":-0.0727416161154224,"table":0.9913285369243308},"group4 - Bot2":{"border":0.36452824858143473,"corner":-0.733783393027343,"freedom":0.19437841620559082,"table":0.1764356250053183},"group0 - Bot2":{"border":-0.4786039630807264,"corner":0.8937037876619158,"freedom":-0.45969647710961326,"table":0.08459029276249486},"group1 - Bot2":{"border":-0.45824179304392776,"corner":0.8483010558689958,"freedom":-0.8653651397680455,"table":0.21974304080295526},"group2 - Bot2":{"border":-0.3337035791921277,"corner":0.9868094357534307,"freedom":-0.0727416161154224,"table":0.9913285369243308},"group3 - Bot1":{"border":0.5283418701644138,"corner":0.8849077817642677,"freedom":0.3010180718173272,"table":0.7109016460955946},"group4 - Bot1":{"border":0.9374109774395463,"corner":-0.6929269394555209,"freedom":-0.28967791870174575,"table":-0.2729483556590748},"group4 - Bot0":{"border":0.15957263807413757,"corner":0.3617825490197255,"freedom":-0.45220358482429046,"table":0.3259163826339768},"group6 - Bot0":{"border":-0.9626738480137038,"corner":-0.7483470009114492,"freedom":-0.6927157345130777,"table":0.1331575318127396},"group7 - Bot2":{"border":0.32077797525297735,"corner":-0.41128431308003144,"freedom":-0.21349438221660377,"table":-0.9276453720842244},"group7 - Bot3":{"border":0.21977798348732525,"corner":0.490273663345447,"freedom":-0.5900694521043797,"table":-0.4761116295769574},"group5 - Bot0":{"border":-0.4137619773355645,"corner":-0.7045372266056928,"freedom":0.5402228517345704,"table":0.08451007958931567},"group6 - Bot2":{"border":0.37935187143515314,"corner":-0.7228960699439837,"freedom":0.0909440437190363,"table":0.5052817217230101},"group7 - Bot0":{"border":0.40468213199116976,"corner":0.22191141263902114,"freedom":-0.07833125417875086,"table":0.1083277211812188},"group5 - Bot1":{"border":-0.4137619773355645,"corner":-0.7045372266056928,"freedom":0.5402228517345704,"table":-0.9440391893794875},"group6 - Bot1":{"border":-0.675213615316715,"corner":0.9202269761812369,"freedom":0.187737976627514,"table":0.6210643620527969},"group7 - Bot1":{"border":-0.06404674520829334,"corner":-0.0832215129854672,"freedom":-0.6818779496924301,"table":-0.3656840698526298},"group5 - Bot2":{"border":0.5700159890224354,"corner":-0.7045372266056928,"freedom":0.5402228517345704,"table":-0.4828990636469075},"group6 - Bot4":{"border":-0.2946294429092591,"corner":-0.9508600206865256,"freedom":0.36325436161229785,"table":-0.6709370430418538},"group5 - Bot3":{"border":0.21485543577994504,"corner":0.5806551590177591,"freedom":0.5399552634737574,"table":0.9215884743385272},"group6 - Bot3":{"border":-0.9203798887156953,"corner":0.5899746621406987,"freedom":0.5334508772925028,"table":0.17967778776890175},"group5 - Bot4":{"border":-0.008525563631998079,"corner":-0.27394176190652586,"freedom":-0.7760322637571688,"table":-0.93117106758369},"group7 - Bot4":{"border":0.184352546839345,"corner":-0.34276497130640915,"freedom":0.7839567549541653,"table":0.581909889585438}},"finalResults":{"Bot7 - Bot1":1.0,"Bot6 - Bot0":1.0,"Bot7 - Bot0":-1.0,"Bot6 - Bot1":-1.0,"Bot7 - Bot3":1.0,"Bot7 - Bot2":1.0,"Bot6 - Bot2":-1.0,"Bot5 - Bot0":1.0,"Bot5 - Bot1":-1.0,"Bot4 - Bot0":1.0,"Bot3 - Bot0":-1.0,"Bot4 - Bot2":-1.0,"Bot5 - Bot4":1.0,"Bot6 - Bot7":1.0,"Bot3 - Bot1":-1.0,"Bot4 - Bot1":-1.0,"Bot5 - Bot2":0.5,"Bot3 - Bot2":-1.0,"Bot5 - Bot3":1.0,"Bot4 - Bot3":1.0,"Bot3 - Bot4":-1.0,"Bot6 - Bot3":-1.0,"Bot7 - Bot5":-1.0,"Bot4 - Bot6":-1.0,"Bot7 - Bot4":-1.0,"Bot3 - Bot5":1.0,"Bot4 - Bot5":1.0,"Bot6 - Bot4":-1.0,"Bot3 - Bot6":1.0,"Bot5 - Bot6":1.0,"Bot6 - Bot5":-1.0,"Bot7 - Bot6":-1.0,"Bot3 - Bot7":1.0,"Bot4 - Bot7":1.0,"Bot5 - Bot7":1.0,"Bot1 - Bot6":0.5,"Bot1 - Bot7":1.0,"Bot1 - Bot4":1.0,"Bot1 - Bot5":-1.0,"Bot1 - Bot2":1.0,"Bot1 - Bot3":1.0,"Bot1 - Bot0":-1.0,"Bot0 - Bot5":1.0,"Bot0 - Bot6":-1.0,"Bot0 - Bot7":1.0,"Bot2 - Bot7":1.0,"Bot0 - Bot1":1.0,"Bot2 - Bot6":-1.0,"Bot0 - Bot2":1.0,"Bot2 - Bot5":1.0,"Bot0 - Bot3":-1.0,"Bot2 - Bot4":1.0,"Bot2 - Bot3":-1.0,"Bot0 - Bot4":-1.0,"Bot2 - Bot1":1.0,"Bot2 - Bot0":0.5},"finalScores":{"final":"[7.5, 8.5, 8.0, 6.0, 8.0, 8.5, 6.5, 3.0]"},"groupStageResults":{"group7":{"Bot0 - Bot1":1.0,"Bot1 - Bot4":-1.0,"Bot0 - Bot2":1.0,"Bot0 - Bot3":1.0,"Bot1 - Bot2":1.0,"Bot2 - Bot4":-1.0,"Bot0 - Bot4":-1.0,"Bot1 - Bot3":-1.0,"Bot2 - Bot3":1.0,"Bot1 - Bot0":-1.0,"Bot2 - Bot1":1.0,"Bot2 - Bot0":-1.0,"Bot4 - Bot0":0.5,"Bot3 - Bot0":-1.0,"Bot4 - Bot2":1.0,"Bot3 - Bot1":-1.0,"Bot4 - Bot1":1.0,"Bot3 - Bot2":1.0,"Bot4 - Bot3":1.0,"Bot3 - Bot4":0.5},"group4":{"Bot0 - Bot1":-1.0,"Bot1 - Bot4":-1.0,"Bot0 - Bot2":-1.0,"Bot0 - Bot3":-1.0,"Bot1 - Bot2":-1.0,"Bot2 - Bot4":-1.0,"Bot0 - Bot4":1.0,"Bot1 - Bot3":-1.0,"Bot2 - Bot3":1.0,"Bot1 - Bot0":-1.0,"Bot2 - Bot1":1.0,"Bot2 - Bot0":1.0,"Bot4 - Bot0":1.0,"Bot3 - Bot0":1.0,"Bot4 - Bot2":1.0,"Bot3 - Bot1":-1.0,"Bot4 - Bot1":1.0,"Bot3 - Bot2":-1.0,"Bot4 - Bot3":1.0,"Bot3 - Bot4":-1.0},"group3":{"Bot0 - Bot1":-1.0,"Bot1 - Bot4":1.0,"Bot0 - Bot2":1.0,"Bot0 - Bot3":1.0,"Bot1 - Bot2":-1.0,"Bot2 - Bot4":1.0,"Bot0 - Bot4":1.0,"Bot1 - Bot3":1.0,"Bot2 - Bot3":-1.0,"Bot1 - Bot0":-1.0,"Bot2 - Bot1":-1.0,"Bot2 - Bot0":-1.0,"Bot4 - Bot0":1.0,"Bot3 - Bot0":1.0,"Bot4 - Bot2":-1.0,"Bot3 - Bot1":-1.0,"Bot4 - Bot1":-1.0,"Bot3 - Bot2":-1.0,"Bot4 - Bot3":-1.0,"Bot3 - Bot4":-1.0},"group6":{"Bot0 - Bot1":1.0,"Bot1 - Bot4":1.0,"Bot0 - Bot2":1.0,"Bot0 - Bot3":-1.0,"Bot1 - Bot2":1.0,"Bot2 - Bot4":1.0,"Bot0 - Bot4":1.0,"Bot1 - Bot3":1.0,"Bot2 - Bot3":1.0,"Bot1 - Bot0":1.0,"Bot2 - Bot1":1.0,"Bot2 - Bot0":1.0,"Bot4 - Bot0":-1.0,"Bot3 - Bot0":1.0,