{"winner":{"border":0.7383219701664174,"corner":0.7736300406925383,"freedom":0.01642995063772168,"table":0.524845606346078},"botsInfos":{"group1 - Bot1":{"border":0.3277832806821446,"corner":0.9684150591667156,"freedom":0.6191719819290822,"table":0.006687509379424528},"group2 - Bot3":{"border":0.17696718012793822,"corner":0.1271788536010734,"freedom":-0.007974605359103215,"table":0.05348666178471828},"group0 - Bot0":{"border":-0.16126175051862712,"corner":-0.35974298979377317,"freedom":0.06804370592166564,"table":0.4327823413409886},"group1 - Bot0":{"border":-0.5776099633507392,"corner":0.15256854734167224,"freedom":0.47272783728418166,"table":0.10793233915541434},"group2 - Bot4":{"border":-0.4247702392698567,"corner":0.06533083940916962,"freedom":0.47295625304648015,"table":0.4803616035766325},"group3 - Bot4":{"border":0.02410158380407945,"corner":-0.4091627694469011,"freedom":0.8308650436820844,"table":-0.8230325365264035},"group0 - Bot3":{"border":-0.5776099633507392,"corner":-0.927849534114314,"freedom":0.47272783728418166,"table":0.10793233915541434},"group3 - Bot2":{"border":0.6864003497558686,"corner":-0.9290572574533316,"freedom":-0.2661001994708241,"table":-0.055361125119460564},"group4 - Bot4":{"border":-0.3142268146743392,"corner":-0.7846932763533672,"freedom":0.21692177446338246,"table":0.0010676758012226895},"group0 - Bot4":{"border":-0.7069658099706384,"corner":-0.3052807946049698,"freedom":-0.4105477929021428,"table":0.1331507073448006},"group1 - Bot4":{"border":-0.7070478442780737,"corner":-0.4164388659558884,"freedom":0.04346589533983214,"table":-0.23178075792108555},"group2 - Bot0":{"border":-0.16222063158069755,"corner":0.4776963295311627,"freedom":-0.21744384032320307,"table":0.6970962141667123},"group3 - Bot3":{"border":-0.8284916152615622,"corner":-0.0014404853070586476,"freedom":-0.1213672472372973,"table":0.7161066466386392},"group4 - Bot3":{"border":0.83002283679778,"corner":0.1758084189126634,"freedom":0.33642811554547447,"table":-0.8497472147271528},"group0 - Bot1":{"border":0.7108798142706787,"corner":-0.8177743655982586,"freedom":-0.8569845349226228,"table":0.8599839454960041},"group1 - Bot3":{"border":-0.19410685620364743,"corner":-0.4273154507067174,"freedom":-0.8323510642002108,"table":0.23957540359583196},"group2 - Bot1":{"border":-0.2769090314631135,"corner":-0.39027484484203745,"freedom":-0.038508252118201636,"table":-0.45692300860404145},"group3 - Bot0":{"border":-0.8284916152615622,"corner":-0.06933096883192413,"freedom":-0.1213672472372973,"table":0.7161066466386392},"group4 - Bot2":{"border":0.4305815973655942,"corner":0.2602586989367217,"freedom":-0.2686232041320318,"table":-0.14277590099543813},"group0 - Bot2":{"border":0.8916685769501065,"corner":0.2577901438628103,"freedom":-0.5841543990177969,"table":0.5518732671268181},"group1 - Bot2":{"border":0.8196702692724789,"corner":0.37131636875750074,"freedom":0.5820179684503823,"table":-0.5038480961003065},"group2 - Bot2":{"border":0.6301617887025066,"corner":0.8100765568447585,"freedom":0.5819006123832038,"table":0.03713997370866773},"group3 - Bot1":{"border":0.8851967114412169,"corner":-0.12609669815448177,"freedom":-0.5618557107764992,"table":0.6740281527895609},"group4 - Bot1":{"border":-0.5776099633507392,"corner":0.15256854734167224,"freedom":-0.03341705380051363,"table":0.10793233915541434},"group4 - Bot0":{"border":0.7108798142706787,"corner":-0.8177743655982586,"freedom":-0.5902484727796331,"table":0.8599839454960041},"group6 - Bot0":{"border":0.36484587181596306,"corner":-0.692993849284373,"freedom":-0.8619494787005622,"table":0.9060953224298929},"group7 - Bot2":{"border":0.8623426857469443,"corner":0.8836954887971618,"freedom":-0.5484089642311833,"table":0.8475880075585764},"group7 - Bot3":{"border":0.2347810127239751,"corner":0.4180959814139633,"freedom":0.060906275391478415,"table":0.8897706865766839},"group5 - Bot0":{"border":0.36484587181596306,"corner":-0.1345064801140048,"freedom":-0.8619494787005622,"table":0.9060953224298929},"group6 - Bot2":{"border":-0.09462212773627798,"corner":0.05111262493251134,"freedom":0.3724000709590949,"table":0.47280715193214506},"group7 - Bot0":{"border":0.7383219701664174,"corner":-0.5082930316976157,"freedom":0.01642995063772168,"table":0.524845606346078},"group5 - Bot1":{"border":0.6009357685133643,"corner":-0.30101717065922484,"freedom":-0.8717846037244821,"table":0.3775423849414279},"group6 - Bot1":{"border":0.7383219701664174,"corner":0.7736300406925383,"freedom":0.01642995063772168,"table":0.524845606346078},"group7 - Bot1":{"border":-0.6784999998071493,"corner":0.623814876906361,"freedom":0.4175743330294541,"table":0.5428751295237435},"group5 - Bot2":{"border":0.9792918625546281,"corner":-0.1817305543576626,"freedom":0.4716544518505905,"table":-0.8867666441240369},"group6 - Bot4":{"border":-0.6751740627980913,"corner":0.1694050789367112,"freedom":-0.631447799222435,"table":-0.21219255692814643},"group5 - Bot3":{"border":-0.9834065453320644,"corner":-0.7834942796587454,"freedom":-0.552530222671733,"table":-0.24551685779536503},"group6 - Bot3":{"border":0.3732108718202045,"corner":0.14658541638426126,"freedom":0.5663916108251961,"table":0.40395981723680596},"group5 - Bot4":{"border":0.8395268115679122,"corner":-0.06933096883192413,"freedom":-0.1213672472372973,"table":0.7161066466386392},"group7 - Bot4":{"border":0.7108798142706787,"corner":-0.8177743655982586,"freedom":-0.5902484727796331,"table":-0.5336132968796998}},"finalResults":{"Bot7 - Bot1":1.0,"Bot7 - Bot0":1.0,"Bot6 - Bot0":1.0,"Bot6 - Bot1":1.0,"Bot7 - Bot3":1.0,"Bot7 - Bot2":-1.0,"Bot6 - Bot2":1.0,"Bot5 - Bot0":1.0,"Bot5 - Bot1":-1.0,"Bot4 - Bot0":1.0,"Bot3 - Bot0":1.0,"Bot4 - Bot2":1.0,"Bot5 - Bot4":-1.0,"Bot6 - Bot7":1.0,"Bot4 - Bot1":1.0,"Bot3 - Bot1":1.0,"Bot5 - Bot2":-1.0,"Bot3 - Bot2":-1.0,"Bot4 - Bot3":1.0,"Bot5 - Bot3":-1.0,"Bot3 - Bot4":1.0,"Bot6 - Bot3":1.0,"Bot4 - Bot6":-1.0,"Bot7 - Bot5":-1.0,"Bot4 - Bot5":-1.0,"Bot3 - Bot5":-1.0,"Bot7 - Bot4":1.0,"Bot6 - Bot4":-1.0,"Bot5 - Bot6":-1.0,"Bot3 - Bot6":0.5,"Bot6 - Bot5":1.0,"Bot4 - Bot7":1.0,"Bot5 - Bot7":1.0,"Bot3 - Bot7":1.0,"Bot7 - Bot6":-1.0,"Bot1 - Bot6":-1.0,"Bot1 - Bot7":-1.0,"Bot1 - Bot4":1.0,"Bot1 - Bot5":1.0,"Bot1 - Bot2":-1.0,"Bot1 - Bot3":1.0,"Bot1 - Bot0":-1.0,"Bot0 - Bot5":1.0,"Bot0 - Bot6":1.0,"Bot0 - Bot7":-1.0,"Bot2 - Bot7":1.0,"Bot0 - Bot1":1.0,"Bot2 - Bot6":-1.0,"Bot0 - Bot2":1.0,"Bot2 - Bot5":-1.0,"Bot0 - Bot3":-1.0,"Bot2 - Bot4":1.0,"Bot2 - Bot3":1.0,"Bot0 - Bot4":1.0,"Bot2 - Bot1":1.0,"Bot2 - Bot0":1.0},"finalScores":{"final":"[6.0, 4.0, 9.0, 6.5, 7.0, 6.0, 11.5, 6.0]"},"groupStageResults":{"group7":{"Bot0 - Bot1":1.0,"Bot1 - Bot4":-1.0,"Bot0 - Bot2":1.0,"Bot0 - Bot3":1.0,"Bot1 - Bot2":-1.0,"Bot2 - Bot4":1.0,"Bot0 - Bot4":1.0,"Bot1 - Bot3":1.0,"Bot2 - Bot3":1.0,"Bot1 - Bot0":1.0,"Bot2 - Bot1":1.0,"Bot2 - Bot0":1.0,"Bot4 - Bot0":-1.0,"Bot3 - Bot0":1.0,"Bot4 - Bot2":-1.0,"Bot3 - Bot1":1.0,"Bot4 - Bot1":-1.0,"Bot3 - Bot2":1.0,"Bot4 - Bot3":-1.0,"Bot3 - Bot4":1.0},"group4":{"Bot0 - Bot1":-1.0,"Bot1 - Bot4":1.0,"Bot0 - Bot2":1.0,"Bot0 - Bot3":1.0,"Bot1 - Bot2":1.0,"Bot2 - Bot4":-1.0,"Bot0 - Bot4":1.0,"Bot1 - Bot3":1.0,"Bot2 - Bot3":-1.0,"Bot1 - Bot0":-1.0,"Bot2 - Bot1":1.0,"Bot2 - Bot0":-1.0,"Bot4 - Bot0":-1.0,"Bot3 - Bot0":1.0,"Bot4 - Bot2":1.0,"Bot3 - Bot1":-1.0,"Bot4 - Bot1":-1.0,"Bot3 - Bot2":-1.0,"Bot4 - Bot3":-1.0,"Bot3 - Bot4":1.0},"group3":{"Bot0 - Bot1":1.0,"Bot1 - Bot4":1.0,"Bot0 - Bot2":0.5,"Bot0 - Bot3":1.0,"Bot1 - Bot2":1.0,"Bot2 - Bot4":1.0,"Bot0 - Bot4":1.0,"Bot1 - Bot3":1.0,"Bot2 - Bot3":-1.0,"Bot1 - Bot0":1.0,"Bot2 - Bot1":-1.0,"Bot2 - Bot0":-1.0,"Bot4 - Bot0":-1.0,"Bot3 - Bot0":1.0,"Bot4 - Bot2":-1.0,"Bot3 - Bot1":1.0,"Bot4 - Bot1":-1.0,"Bot3 - Bot2":-1.0,"Bot4 - Bot3":-1.0,"Bot3 - Bot4":1.0},"group6":{"Bot0 - Bot1":-1.0,"Bot1 - Bot4":1.0,"Bot0 - Bot2":1.0,"Bot0 - Bot3":1.0,"Bot1 - Bot2":1.0,"Bot2 - Bot4":1.0,"Bot0 - Bot4":1.0,"Bot1 - Bot3":1.0,"Bot2 - Bot3":1.0,"Bot1 - Bot0":1.0,"Bot2 - Bot1":1.0,"Bot2 - Bot0":-1.0,"Bot4 - Bot0":-1.0,"Bot3 - Bot0":1.0,