{"winner":{"border":-0.49516100973393784,"corner":-0.18278383734793402,"freedom":0.3141555059423162,"table":0.43250104921841226},"botsInfos":{"group1 - Bot1":{"border":0.7302169706231139,"corner":-0.9008203272762485,"freedom":0.8977693361985002,"table":-0.35877961914450984},"group2 - Bot3":{"border":-0.5369073538555134,"corner":-0.5541621648301343,"freedom":0.23377944985330634,"table":0.014836461789184963},"group0 - Bot0":{"border":-0.9392289706271333,"corner":-0.4025170713042636,"freedom":-0.21367375365141306,"table":0.8767899246991},"group1 - Bot0":{"border":-0.04309269269088367,"corner":-0.6528517887520897,"freedom":0.3584321757129949,"table":0.6859167074978325},"group2 - Bot4":{"border":0.7400032886711676,"corner":-0.8545419667761174,"freedom":-0.8284362666702454,"table":-0.7528478027948713},"group3 - Bot4":{"border":-0.7123114402965205,"corner":0.6292354654751833,"freedom":0.17193116114673335,"table":-0.30522330598734726},"group0 - Bot3":{"border":-0.8526781345473058,"corner":-0.12246389278790959,"freedom":0.827225190417326,"table":0.2552261660390025},"group3 - Bot2":{"border":-0.047650441752659534,"corner":0.7178645723048174,"freedom":0.5128410704888469,"table":-0.36260104541180294},"group4 - Bot4":{"border":0.313273933004498,"corner":-0.18278383734793402,"freedom":0.3141555059423162,"table":0.43250104921841226},"group0 - Bot4":{"border":-0.6602043018741073,"corner":-0.9465609851452186,"freedom":-0.016962853545529732,"table":-0.8098933183634236},"group1 - Bot4":{"border":-0.2272153502421317,"corner":0.8923999885842218,"freedom":0.19133947446473765,"table":-0.9714567975654369},"group2 - Bot0":{"border":-0.49516100973393784,"corner":-0.18278383734793402,"freedom":0.3141555059423162,"table":0.43250104921841226},"group3 - Bot3":{"border":0.2150849171552074,"corner":0.46805325081030147,"freedom":-0.5511188954270803,"table":-0.5926368829477051},"group4 - Bot3":{"border":0.785682883188241,"corner":-0.5061001422698446,"freedom":-0.6630152223561308,"table":0.7711265055066865},"group0 - Bot1":{"border":0.08650208186082153,"corner":-0.3028806613080661,"freedom":-0.715791947075507,"table":-0.5410971058542413},"group1 - Bot3":{"border":-0.5776099633507392,"corner":0.15256854734167224,"freedom":0.47272783728418166,"table":0.10793233915541434},"group2 - Bot1":{"border":0.050885453770284084,"corner":-0.6516345536827433,"freedom":0.8014661224001971,"table":-0.8880954277616868},"group3 - Bot0":{"border":0.4398177446952496,"corner":0.8351192130859173,"freedom":-0.5340468327698551,"table":0.5465066331845017},"group4 - Bot2":{"border":0.4398177446952496,"corner":0.14268515254747616,"freedom":-0.5340468327698551,"table":0.5465066331845017},"group0 - Bot2":{"border":-0.04309269269088367,"corner":-0.6528517887520897,"freedom":0.3584321757129949,"table":-0.4234791014275656},"group1 - Bot2":{"border":-0.2977407912945018,"corner":-0.37462930908850445,"freedom":0.2964993205312145,"table":-0.7871190594685733},"group2 - Bot2":{"border":0.5976575449872414,"corner":-0.8661655186172776,"freedom":-0.8987957663876887,"table":-0.44345733066639714},"group3 - Bot1":{"border":-0.7749351999014376,"corner":0.12554199686696887,"freedom":0.9142805905168829,"table":0.6881599539420966},"group4 - Bot1":{"border":-0.21489781573955713,"corner":0.557862615178806,"freedom":0.7468531015767554,"table":-0.08892283883783003},"group4 - Bot0":{"border":0.8072170349354195,"corner":-0.4120716488751992,"freedom":-0.11652428221984801,"table":0.9825022079831294},"group6 - Bot0":{"border":-0.6602043018741073,"corner":-0.9465609851452186,"freedom":-0.016962853545529732,"table":0.9738246034591003},"group7 - Bot2":{"border":0.4842139965661405,"corner":-0.5184940882508067,"freedom":-0.7048786893713315,"table":-0.21212008717641995},"group7 - Bot3":{"border":-0.9871523052414806,"corner":-0.42055861747710055,"freedom":-0.5891456093375649,"table":0.19487523922421723},"group5 - Bot0":{"border":0.5538599249036293,"corner":0.17251873948030094,"freedom":-0.5673312397002934,"table":0.32944877090367375},"group6 - Bot2":{"border":0.36484587181596306,"corner":-0.692993849284373,"freedom":-0.8619494787005622,"table":0.9060953224298929},"group7 - Bot0":{"border":0.503348958101931,"corner":-0.9559274224744667,"freedom":0.3326306183140859,"table":-0.022511399617862082},"group5 - Bot1":{"border":0.5539495383940105,"corner":-0.5233480923900604,"freedom":-0.38908471662194133,"table":0.6574811710990411},"group6 - Bot1":{"border":-0.9620068935941426,"corner":0.8508324680524026,"freedom":-0.15165354000339737,"table":0.6136788926718668},"group7 - Bot1":{"border":0.5392393034647891,"corner":0.8680523521684025,"freedom":0.3862996814295925,"table":0.9859542406138253},"group5 - Bot2":{"border":-0.20392620552411111,"corner":0.5612201276182078,"freedom":0.37649508839322343,"table":-0.83814170342722},"group6 - Bot4":{"border":0.284027960784746,"corner":-0.9170307026379727,"freedom":0.4396251424548536,"table":-0.7395783596414685},"group5 - Bot3":{"border":-0.8663945937608106,"corner":0.3098418617474481,"freedom":-0.14794233706942306,"table":-0.35080730781001046},"group6 - Bot3":{"border":0.2762384932197113,"corner":-0.9987953866682249,"freedom":0.8714923472305485,"table":0.42201196741785996},"group5 - Bot4":{"border":0.5509651809743148,"corner":-0.04202884902808979,"freedom":-0.8587568326220443,"table":0.5664316619104346},"group7 - Bot4":{"border":-0.6462521395717016,"corner":0.651885610664604,"freedom":0.3298749882294807,"table":0.1873938082937876}},"finalResults":{"Bot7 - Bot1":-1.0,"Bot6 - Bot0":1.0,"Bot7 - Bot0":-1.0,"Bot6 - Bot1":1.0,"Bot7 - Bot3":1.0,"Bot6 - Bot2":1.0,"Bot7 - Bot2":1.0,"Bot5 - Bot0":-1.0,"Bot5 - Bot1":1.0,"Bot4 - Bot0":1.0,"Bot3 - Bot0":-1.0,"Bot4 - Bot2":-1.0,"Bot5 - Bot4":-1.0,"Bot6 - Bot7":1.0,"Bot3 - Bot1":1.0,"Bot4 - Bot1":1.0,"Bot3 - Bot2":1.0,"Bot5 - Bot2":1.0,"Bot5 - Bot3":-1.0,"Bot4 - Bot3":-1.0,"Bot6 - Bot3":1.0,"Bot3 - Bot4":-1.0,"Bot7 - Bot5":-1.0,"Bot4 - Bot6":1.0,"Bot3 - Bot5":-1.0,"Bot6 - Bot4":1.0,"Bot7 - Bot4":1.0,"Bot4 - Bot5":1.0,"Bot3 - Bot6":-1.0,"Bot6 - Bot5":-1.0,"Bot5 - Bot6":1.0,"Bot3 - Bot7":1.0,"Bot7 - Bot6":1.0,"Bot5 - Bot7":-1.0,"Bot4 - Bot7":-1.0,"Bot1 - Bot6":1.0,"Bot1 - Bot7":-1.0,"Bot1 - Bot4":-1.0,"Bot1 - Bot5":1.0,"Bot1 - Bot2":-1.0,"Bot1 - Bot3":-1.0,"Bot1 - Bot0":1.0,"Bot0 - Bot5":-1.0,"Bot0 - Bot6":1.0,"Bot0 - Bot7":1.0,"Bot2 - Bot7":1.0,"Bot0 - Bot1":1.0,"Bot2 - Bot6":1.0,"Bot0 - Bot2":-1.0,"Bot2 - Bot5":1.0,"Bot0 - Bot3":-1.0,"Bot2 - Bot4":-1.0,"Bot2 - Bot3":1.0,"Bot0 - Bot4":-1.0,"Bot2 - Bot1":1.0,"Bot2 - Bot0":1.0},"finalScores":{"final":"[6.0, 4.0, 9.0, 7.0, 9.0, 7.0, 7.0, 7.0]"},"groupStageResults":{"group7":{"Bot0 - Bot1":-1.0,"Bot1 - Bot4":-1.0,"Bot0 - Bot2":-1.0,"Bot0 - Bot3":-1.0,"Bot1 - Bot2":1.0,"Bot2 - Bot4":-1.0,"Bot0 - Bot4":1.0,"Bot1 - Bot3":-1.0,"Bot2 - Bot3":-1.0,"Bot1 - Bot0":1.0,"Bot2 - Bot1":1.0,"Bot2 - Bot0":-1.0,"Bot4 - Bot0":1.0,"Bot3 - Bot0":1.0,"Bot4 - Bot2":1.0,"Bot3 - Bot1":1.0,"Bot4 - Bot1":1.0,"Bot3 - Bot2":1.0,"Bot4 - Bot3":-1.0,"Bot3 - Bot4":1.0},"group4":{"Bot0 - Bot1":1.0,"Bot1 - Bot4":-1.0,"Bot0 - Bot2":1.0,"Bot0 - Bot3":1.0,"Bot1 - Bot2":-1.0,"Bot2 - Bot4":1.0,"Bot0 - Bot4":1.0,"Bot1 - Bot3":-1.0,"Bot2 - Bot3":1.0,"Bot1 - Bot0":-1.0,"Bot2 - Bot1":-1.0,"Bot2 - Bot0":1.0,"Bot4 - Bot0":-1.0,"Bot3 - Bot0":1.0,"Bot4 - Bot2":1.0,"Bot3 - Bot1":1.0,"Bot4 - Bot1":-1.0,"Bot3 - Bot2":1.0,"Bot4 - Bot3":-1.0,"Bot3 - Bot4":1.0},"group3":{"Bot0 - Bot1":1.0,"Bot1 - Bot4":-1.0,"Bot0 - Bot2":1.0,"Bot0 - Bot3":1.0,"Bot1 - Bot2":1.0,"Bot2 - Bot4":-1.0,"Bot0 - Bot4":1.0,"Bot1 - Bot3":1.0,"Bot2 - Bot3":-1.0,"Bot1 - Bot0":1.0,"Bot2 - Bot1":1.0,"Bot2 - Bot0":-1.0,"Bot4 - Bot0":-1.0,"Bot3 - Bot0":-1.0,"Bot4 - Bot2":1.0,"Bot3 - Bot1":-1.0,"Bot4 - Bot1":-1.0,"Bot3 - Bot2":-1.0,"Bot4 - Bot3":1.0,"Bot3 - Bot4":1.0},"group6":{"Bot0 - Bot1":1.0,"Bot1 - Bot4":1.0,"Bot0 - Bot2":1.0,"Bot0 - Bot3":-1.0,"Bot1 - Bot2":-1.0,"Bot2 - Bot4":1.0,"Bot0 - Bot4":1.0,"Bot1 - Bot3":1.0,"Bot2 - Bot3":1.0,"Bot1 - Bot0":-1.0,"Bot2 - Bot1":1.0,"Bot2 - Bot0":1.0,"Bot4 - Bot0":1.0,