{
  "winner": {
    "border": -0.6602043018741073,
    "corner": -0.9465609851452186,
    "freedom": -0.016962853545529732,
    "table": 0.9738246034591003
  },
  "botsInfos": {
    "group1 - Bot1": {
      "border": -0.16506318997742042,
      "corner": -0.681473133596608,
      "freedom": -0.41707663673748563,
      "table": 0.8403508271911417
    },
    "group2 - Bot3": {
      "border": -0.9862745086182252,
      "corner": -0.1730349297239655,
      "freedom": 0.4590950653444723,
      "table": -0.2749383845687967
    },
    "group0 - Bot0": {
      "border": -0.6893117660655421,
      "corner": -0.8052852663772181,
      "freedom": 0.8516283676306655,
      "table": 0.9455025586681096
    },
    "group1 - Bot0": {
      "border": -0.04309269269088367,
      "corner": -0.6528517887520897,
      "freedom": 0.3584321757129949,
      "table": 0.6859167074978325
    },
    "group2 - Bot4": {
      "border": -0.49516100973393784,
      "corner": -0.18278383734793402,
      "freedom": 0.3141555059423162,
      "table": 0.43250104921841226
    },
    "group3 - Bot4": {
      "border": 0.7728806956740664,
      "corner": -0.36058933349421807,
      "freedom": 0.18598774576561983,
      "table": 0.4220333855214271
    },
    "group0 - Bot3": {
      "border": -0.5773279099379596,
      "corner": 0.30810198295865665,
      "freedom": 0.9741194315102828,
      "table": 0.22539300834727727
    },
    "group3 - Bot2": {
      "border": 0.5574180873860135,
      "corner": -0.2526665710518312,
      "freedom": -0.05269884379413381,
      "table": -0.5171901111486918
    },
    "group4 - Bot4": {
      "border": 0.08682968437283933,
      "corner": 0.19916481553199317,
      "freedom": -0.7083234031908181,
      "table": 0.9835774073878125
    },
    "group0 - Bot4": {
      "border": 0.8155840444156017,
      "corner": 0.2694856566246817,
      "freedom": -0.7529712628808116,
      "table": -0.5134878159278262
    },
    "group1 - Bot4": {
      "border": 0.8766870721588866,
      "corner": 0.20880462146844714,
      "freedom": -0.6389962352397534,
      "table": -0.8843093817136345
    },
    "group2 - Bot0": {
      "border": 0.5761755763274272,
      "corner": -0.030536484450867984,
      "freedom": -0.901180192321049,
      "table": 0.3341649360379968
    },
    "group3 - Bot3": {
      "border": 0.5734617048031592,
      "corner": -0.6054974090773784,
      "freedom": -0.8576429549860729,
      "table": 0.5789987280975617
    },
    "group4 - Bot3": {
      "border": 0.8072170349354195,
      "corner": -0.4120716488751992,
      "freedom": -0.11652428221984801,
      "table": 0.9825022079831294
    },
    "group0 - Bot1": {
      "border": -0.9392289706271333,
      "corner": -0.4025170713042636,
      "freedom": -0.21367375365141306,
      "table": 0.8767899246991
    },
    "group1 - Bot3": {
      "border": 0.15524584663050156,
      "corner": 0.5141936208365927,
      "freedom": -0.9840096553075863,
      "table": -0.23290430206148427
    },
    "group2 - Bot1": {
      "border": 0.4451773304950022,
      "corner": -0.669391411647875,
      "freedom": -0.9407904676207348,
      "table": -0.0063857028479441524
    },
    "group3 - Bot0": {
      "border": -0.5108743508727471,
      "corner": 0.3834760605147003,
      "freedom": -0.4081106111817434,
      "table": 0.2915725305229855
    },
    "group4 - Bot2": {
      "border": -0.03194993851959249,
      "corner": -0.9172629838561237,
      "freedom": -0.7390406043609699,
      "table": -0.5483063790870939
    },
    "group0 - Bot2": {
      "border": 0.9064770246286293,
      "corner": 0.11358596216437622,
      "freedom": -0.36666968554416,
      "table": 0.7393408825248518
    },
    "group1 - Bot2": {
      "border": -0.7052631472434623,
      "corner": -0.22125961527117188,
      "freedom": -0.08529277080341635,
      "table": -0.60475532772461
    },
    "group2 - Bot2": {
      "border": 0.6431022304082146,
      "corner": -0.9059546357726267,
      "freedom": -0.7064447769976816,
      "table": -0.5195585623282408
    },
    "group3 - Bot1": {
      "border": 0.4398177446952496,
      "corner": 0.8351192130859173,
      "freedom": -0.5340468327698551,
      "table": 0.5465066331845017
    },
    "group4 - Bot1": {
      "border": 0.8978239451929624,
      "corner": 0.8739470991494496,
      "freedom": -0.4115240278920276,
      "table": -0.11200028089222336
    },
    "group4 - Bot0": {
      "border": 0.5734617048031592,
      "corner": 0.04688343841865805,
      "freedom": -0.8576429549860729,
      "table": 0.5789987280975617
    },
    "group6 - Bot0": {
      "border": -0.7166420069317192,
      "corner": -0.9490551069272759,
      "freedom": -0.7305828349787804,
      "table": 0.7307291265441072
    },
    "group7 - Bot2": {
      "border": -0.27854500742753396,
      "corner": 0.4086730172841375,
      "freedom": 0.4185152778046264,
      "table": -0.7717814645433607
    },
    "group7 - Bot3": {
      "border": 0.2968580041357676,
      "corner": 0.25720555201377393,
      "freedom": -0.036175137007482316,
      "table": -0.366532745145395
    },
    "group5 - Bot0": {
      "border": 0.5538599249036293,
      "corner": 0.17251873948030094,
      "freedom": -0.5673312397002934,
      "table": 0.32944877090367375
    },
    "group6 - Bot2": {
      "border": -0.7192458117369638,
      "corner": -0.13280386461915805,
      "freedom": 0.12270707258910307,
      "table": -0.12771004484518977
    },
    "group7 - Bot0": {
      "border": 0.503348958101931,
      "corner": -0.9559274224744667,
      "freedom": 0.3326306183140859,
      "table": -0.022511399617862082
    },
    "group5 - Bot1": {
      "border": 0.5734617048031592,
      "corner": 0.04688343841865805,
      "freedom": -0.8576429549860729,
      "table": -0.0457974994245931
    },
    "group6 - Bot1": {
      "border": -0.6602043018741073,
      "corner": -0.9465609851452186,
      "freedom": -0.016962853545529732,
      "table": 0.9738246034591003
    },
    "group7 - Bot1": {
      "border": -0.8318424373355839,
      "corner": -0.5381365666141162,
      "freedom": -0.787361305388002,
      "table": -0.591195068887368
    },
    "group5 - Bot2": {
      "border": 0.503348958101931,
      "corner": -0.9559274224744667,
      "freedom": -0.41357547456885047,
      "table": -0.022511399617862082
    },
    "group6 - Bot4": {
      "border": 0.33159658370302525,
      "corner": 0.5823262419180708,
      "freedom": -0.952183912033522,
      "table": 0.7278945740787168
    },
    "group5 - Bot3": {
      "border": -0.6322626700142859,
      "corner": 0.08101334155074724,
      "freedom": -0.9089477403452866,
      "table": -0.4429529528824505
    },
    "group6 - Bot3": {
      "border": 0.3457836511171295,
      "corner": -0.09898491914124374,
      "freedom": -0.4448497793488868,
      "table": 0.6712925434802295
    },
    "group5 - Bot4": {
      "border": -0.6893117660655421,
      "corner": -0.8052852663772181,
      "freedom": 0.0485472483153877,
      "table": 0.9455025586681096
    },
    "group7 - Bot4": {
      "border": -0.7142884106741134,
      "corner": 0.4459932216849696,
      "freedom": -0.5595573479485372,
      "table": -0.160436755804219
    }
  },
  "finalResults": {
    "Bot7 - Bot1": -1,
    "Bot6 - Bot0": 1,
    "Bot7 - Bot0": -1,
    "Bot6 - Bot1": 1,
    "Bot7 - Bot3": -1,
    "Bot7 - Bot2": -1,
    "Bot6 - Bot2": 1,
    "Bot5 - Bot0": 1,
    "Bot5 - Bot1": 1,
    "Bot4 - Bot0": 1,
    "Bot3 - Bot0": 1,
    "Bot4 - Bot2": -1,
    "Bot5 - Bot4": 1,
    "Bot6 - Bot7": 1,
    "Bot3 - Bot1": -1,
    "Bot4 - Bot1": 1,
    "Bot3 - Bot2": 1,
    "Bot5 - Bot2": 1,
    "Bot5 - Bot3": -1,
    "Bot4 - Bot3": 1,
    "Bot3 - Bot4": -1,
    "Bot6 - Bot3": 1,
    "Bot7 - Bot5": -1,
    "Bot4 - Bot6": 1,
    "Bot3 - Bot5": -1,
    "Bot4 - Bot5": 1,
    "Bot7 - Bot4": -1,
    "Bot6 - Bot4": 1,
    "Bot3 - Bot6": 1,
    "Bot5 - Bot6": -1,
    "Bot6 - Bot5": 1,
    "Bot3 - Bot7": 1,
    "Bot5 - Bot7": 1,