{"winner":{"border":-0.7094000093341666,"corner":0.8246599423635574,"freedom":0.00722069068588338,"table":0.7165539287578457},"botsInfos":{"group1 - Bot1":{"border":0.09519973389753011,"corner":-0.8959306043872028,"freedom":-0.9724248455723388,"table":-0.04065236769972769},"group2 - Bot3":{"border":0.8818429246574795,"corner":-0.17156841773325437,"freedom":0.9277297473217025,"table":-0.19695890178531417},"group0 - Bot0":{"border":-0.666046847414113,"corner":-0.7244664668701573,"freedom":-0.5092512113799592,"table":0.8938440197046209},"group1 - Bot0":{"border":0.7169265310483446,"corner":-0.16447498725240095,"freedom":0.1514598365923121,"table":0.9723735209420232},"group2 - Bot4":{"border":-0.40896502535270085,"corner":0.29505411590768116,"freedom":-0.09988114024082928,"table":0.3610911278623046},"group3 - Bot4":{"border":0.6664812299024856,"corner":-0.6011178632381688,"freedom":-0.8541326086055554,"table":-0.6174429336427716},"group0 - Bot3":{"border":-0.19278927934300305,"corner":0.13862713112910008,"freedom":0.13754317297208662,"table":-0.6561294216629696},"group3 - Bot2":{"border":0.06724381966408255,"corner":-0.25475114441102886,"freedom":-0.7226243462839625,"table":0.6085686361650571},"group4 - Bot4":{"border":0.8886223259322337,"corner":-0.990320633680045,"freedom":-0.2655590486218453,"table":-0.4497450092034634},"group0 - Bot4":{"border":-0.3136813225993422,"corner":-0.5459966991247089,"freedom":-0.7198753585729964,"table":0.3657726654133866},"group1 - Bot4":{"border":0.97368331167961,"corner":-0.21382491794016212,"freedom":0.788944881510014,"table":0.15364406696768462},"group2 - Bot0":{"border":-0.7094000093341666,"corner":0.8246599423635574,"freedom":0.00722069068588338,"table":0.7165539287578457},"group3 - Bot3":{"border":-0.666046847414113,"corner":0.937910800887906,"freedom":-0.5092512113799592,"table":0.8938440197046209},"group4 - Bot3":{"border":0.9943703325961899,"corner":0.9077678984854456,"freedom":-0.4468792487704376,"table":0.24149193472096941},"group0 - Bot1":{"border":-0.03838063586302232,"corner":-0.8892383864825983,"freedom":0.7110086335763803,"table":-0.0817730951082436},"group1 - Bot3":{"border":-0.5757718479999141,"corner":0.46533033720018047,"freedom":-0.3988199151426579,"table":0.23254723147417633},"group2 - Bot1":{"border":-0.3994229476052471,"corner":0.5259986877662057,"freedom":-0.07020288952417397,"table":0.6404216381427141},"group3 - Bot0":{"border":-0.8659646032570574,"corner":-0.6640003626691822,"freedom":-0.667837124047572,"table":0.9604721234670432},"group4 - Bot2":{"border":0.9962729430078889,"corner":-0.2866509687480192,"freedom":-0.7718072015126622,"table":-0.4060946004406023},"group0 - Bot2":{"border":0.9055919460004547,"corner":-0.3324313670364156,"freedom":-0.6172792250186037,"table":0.8195795468931193},"group1 - Bot2":{"border":0.6410287302711308,"corner":0.9868106475964662,"freedom":-0.6176115101856121,"table":0.8812862968602755},"group2 - Bot2":{"border":0.21610540084062402,"corner":0.31081336265607673,"freedom":0.7566302593478849,"table":-0.9240703192108619},"group3 - Bot1":{"border":0.09731975142683891,"corner":-0.7458533921549211,"freedom":-0.005097185271206284,"table":-0.8315099150203877},"group4 - Bot1":{"border":0.3047863258869048,"corner":0.5269595126651649,"freedom":-0.16428054333478914,"table":-0.6888937112504068},"group4 - Bot0":{"border":0.15957263807413757,"corner":0.3617825490197255,"freedom":-0.9111446713571338,"table":0.3259163826339768},"group6 - Bot0":{"border":0.9055919460004547,"corner":-0.3324313670364156,"freedom":-0.6172792250186037,"table":0.17814677132290613},"group7 - Bot2":{"border":-0.9752764634747173,"corner":-0.34600809226926676,"freedom":-0.8025289574626178,"table":-0.09500316001085385},"group7 - Bot3":{"border":-0.617115887007754,"corner":-0.5003608107538258,"freedom":0.5140869376807171,"table":0.2643180187296177},"group5 - Bot0":{"border":-0.4724162309581492,"corner":0.9449054068865719,"freedom":-0.9822327637803623,"table":0.3290052017330207},"group6 - Bot2":{"border":0.9514940330366886,"corner":-0.5444439846224687,"freedom":0.12640422031933474,"table":0.951109345689988},"group7 - Bot0":{"border":-0.15329083876648042,"corner":-0.8431693876985473,"freedom":-0.7538985065685959,"table":0.45388209022230863},"group5 - Bot1":{"border":-0.8927791742989841,"corner":-0.20737385442624423,"freedom":-0.01253931065070546,"table":-0.6623475721072527},"group6 - Bot1":{"border":-0.5066068970696311,"corner":0.8258271828022812,"freedom":-0.006304349836215639,"table":0.12362106488949132},"group7 - Bot1":{"border":-0.78248135518616,"corner":0.624598400155937,"freedom":-0.12354546727672266,"table":-0.6712076476126219},"group5 - Bot2":{"border":-0.9942251506061943,"corner":-0.15931651993140883,"freedom":0.29541302078418363,"table":0.06134561473650324},"group6 - Bot4":{"border":-0.9275488915936394,"corner":-0.4717490892397658,"freedom":-0.09171454874225304,"table":-0.5277340277177389},"group5 - Bot3":{"border":-0.28805157325519515,"corner":0.9449054068865719,"freedom":-0.9822327637803623,"table":0.3290052017330207},"group6 - Bot3":{"border":-0.374369633556628,"corner":-0.8076527985799933,"freedom":0.7448827326475524,"table":-0.7808671533722149},"group5 - Bot4":{"border":0.9060317064764356,"corner":0.32942886313331,"freedom":-0.4555428294651429,"table":-0.8974258373914334},"group7 - Bot4":{"border":-0.3592785093685722,"corner":-0.1310857569774051,"freedom":0.09666307716252609,"table":0.7521649136812578}},"finalResults":{"Bot7 - Bot1":-1.0,"Bot7 - Bot0":1.0,"Bot6 - Bot0":-1.0,"Bot6 - Bot1":1.0,"Bot7 - Bot3":1.0,"Bot6 - Bot2":1.0,"Bot7 - Bot2":-1.0,"Bot5 - Bot0":1.0,"Bot5 - Bot1":1.0,"Bot4 - Bot0":-1.0,"Bot3 - Bot0":1.0,"Bot4 - Bot2":1.0,"Bot5 - Bot4":1.0,"Bot6 - Bot7":1.0,"Bot4 - Bot1":1.0,"Bot3 - Bot1":1.0,"Bot5 - Bot2":1.0,"Bot3 - Bot2":-1.0,"Bot4 - Bot3":-1.0,"Bot5 - Bot3":1.0,"Bot6 - Bot3":-1.0,"Bot3 - Bot4":0.5,"Bot7 - Bot5":-1.0,"Bot4 - Bot6":1.0,"Bot4 - Bot5":1.0,"Bot6 - Bot4":1.0,"Bot7 - Bot4":-1.0,"Bot3 - Bot5":1.0,"Bot5 - Bot6":1.0,"Bot6 - Bot5":1.0,"Bot3 - Bot6":1.0,"Bot4 - Bot7":1.0,"Bot7 - Bot6":1.0,"Bot5 - Bot7":-1.0,"Bot3 - Bot7":1.0,"Bot1 - Bot6":0.5,"Bot1 - Bot7":1.0,"Bot1 - Bot4":1.0,"Bot1 - Bot5":-1.0,"Bot1 - Bot2":-1.0,"Bot1 - Bot3":1.0,"Bot1 - Bot0":1.0,"Bot0 - Bot5":-1.0,"Bot0 - Bot6":-1.0,"Bot0 - Bot7":1.0,"Bot2 - Bot7":1.0,"Bot0 - Bot1":-1.0,"Bot2 - Bot6":1.0,"Bot0 - Bot2":-1.0,"Bot2 - Bot5":-1.0,"Bot0 - Bot3":1.0,"Bot2 - Bot4":1.0,"Bot2 - Bot3":1.0,"Bot0 - Bot4":1.0,"Bot2 - Bot1":1.0,"Bot2 - Bot0":1.0},"finalScores":{"final":"[5.0, 6.5, 10.0, 7.5, 6.5, 10.0, 6.5, 4.0]"},"groupStageResults":{"group7":{"Bot0 - Bot1":1.0,"Bot1 - Bot4":-1.0,"Bot0 - Bot2":1.0,"Bot0 - Bot3":1.0,"Bot1 - Bot2":-1.0,"Bot2 - Bot4":-1.0,"Bot0 - Bot4":1.0,"Bot1 - Bot3":1.0,"Bot2 - Bot3":-1.0,"Bot1 - Bot0":1.0,"Bot2 - Bot1":1.0,"Bot2 - Bot0":-1.0,"Bot4 - Bot0":1.0,"Bot3 - Bot0":-1.0,"Bot4 - Bot2":1.0,"Bot3 - Bot1":1.0,"Bot4 - Bot1":1.0,"Bot3 - Bot2":1.0,"Bot4 - Bot3":-1.0,"Bot3 - Bot4":0.5},"group4":{"Bot0 - Bot1":1.0,"Bot1 - Bot4":-1.0,"Bot0 - Bot2":1.0,"Bot0 - Bot3":-1.0,"Bot1 - Bot2":-1.0,"Bot2 - Bot4":-1.0,"Bot0 - Bot4":1.0,"Bot1 - Bot3":-1.0,"Bot2 - Bot3":-1.0,"Bot1 - Bot0":-1.0,"Bot2 - Bot1":-1.0,"Bot2 - Bot0":-1.0,"Bot4 - Bot0":-1.0,"Bot3 - Bot0":1.0,"Bot4 - Bot2":1.0,"Bot3 - Bot1":1.0,"Bot4 - Bot1":-1.0,"Bot3 - Bot2":1.0,"Bot4 - Bot3":-1.0,"Bot3 - Bot4":1.0},"group3":{"Bot0 - Bot1":1.0,"Bot1 - Bot4":1.0,"Bot0 - Bot2":-1.0,"Bot0 - Bot3":-1.0,"Bot1 - Bot2":-1.0,"Bot2 - Bot4":1.0,"Bot0 - Bot4":1.0,"Bot1 - Bot3":-1.0,"Bot2 - Bot3":-1.0,"Bot1 - Bot0":-1.0,"Bot2 - Bot1":1.0,"Bot2 - Bot0":-1.0,"Bot4 - Bot0":-1.0,"Bot3 - Bot0":-1.0,"Bot4 - Bot2":-1.0,"Bot3 - Bot1":1.0,"Bot4 - Bot1":-1.0,"Bot3 - Bot2":1.0,"Bot4 - Bot3":-1.0,"Bot3 - Bot4":1.0},"group6":{"Bot0 - Bot1":-1.0,"Bot1 - Bot4":1.0,"Bot0 - Bot2":1.0,"Bot0 - Bot3":1.0,"Bot1 - Bot2":-1.0,"Bot2 - Bot4":1.0,"Bot0 - Bot4":1.0,"Bot1 - Bot3":1.0,"Bot2 - Bot3":1.0,"Bot1 - Bot0":1.0,"Bot2 - Bot1":-1.0,"Bot2 - Bot0":-1.0,"Bot4 - Bot0":-1.0,