{"winner":{"border":-0.38620934012994446,"corner":0.0360048756348732,"freedom":-0.005133538225692735,"table":0.08144481080023813},"botsInfos":{"group1 - Bot1":{"border":0.16654126266431457,"corner":0.5833375326062658,"freedom":-0.429686124791943,"table":0.9300337590367038},"group2 - Bot3":{"border":0.9484288276472361,"corner":0.4233631216911029,"freedom":-0.2535547343128033,"table":0.5432516885248129},"group0 - Bot0":{"border":-0.48343138326321555,"corner":0.9901062004428509,"freedom":0.8884830054636377,"table":0.04769309893895923},"group1 - Bot0":{"border":-0.27974516610146716,"corner":0.45535726702287604,"freedom":-0.9838611020922607,"table":0.3201608294124456},"group2 - Bot4":{"border":-0.38620934012994446,"corner":0.0360048756348732,"freedom":-0.005133538225692735,"table":0.08144481080023813},"group3 - Bot4":{"border":0.2531847871950035,"corner":0.8223794649233234,"freedom":0.38764492131347295,"table":0.00447780692597477},"group0 - Bot3":{"border":0.20637034264025234,"corner":0.7736300406925383,"freedom":-0.18839254684021478,"table":0.524845606346078},"group3 - Bot2":{"border":0.7653152562437362,"corner":-0.20482708058786914,"freedom":-0.454692712587758,"table":0.1367654443708155},"group4 - Bot4":{"border":-0.06409549215541088,"corner":0.0912646949057987,"freedom":-0.9932448891460719,"table":0.05603793216787345},"group0 - Bot4":{"border":0.8413716379492169,"corner":0.14032143423296262,"freedom":-0.6221564032931919,"table":0.8321569716683492},"group1 - Bot4":{"border":-0.8543472042664686,"corner":0.139079233262017,"freedom":-0.00385092127133424,"table":-0.8231277362873752},"group2 - Bot0":{"border":0.17696718012793822,"corner":0.1271788536010734,"freedom":-0.007974605359103215,"table":0.05348666178471828},"group3 - Bot3":{"border":0.4814532360001922,"corner":-0.8175314744004676,"freedom":-0.6301565196250174,"table":0.05319052454058237},"group4 - Bot3":{"border":-0.9204484791765182,"corner":0.8336191865596569,"freedom":0.7330179044476244,"table":0.25832432746263123},"group0 - Bot1":{"border":0.8269144210667836,"corner":0.24306436504977902,"freedom":-0.4006314247274627,"table":-0.8625715853418889},"group1 - Bot3":{"border":0.9377834500049014,"corner":0.07921685062025619,"freedom":0.4975006686395538,"table":-0.945553461133144},"group2 - Bot1":{"border":0.865986355525902,"corner":0.7959308080864207,"freedom":0.2670576692571658,"table":0.11131923583629244},"group3 - Bot0":{"border":0.20637034264025234,"corner":0.7736300406925383,"freedom":0.01642995063772168,"table":0.524845606346078},"group4 - Bot2":{"border":0.32896581244104883,"corner":0.3541410178023776,"freedom":0.9672339929146603,"table":0.2748389987956208},"group0 - Bot2":{"border":0.842153137655439,"corner":-0.32669402175393003,"freedom":0.6277475382814226,"table":-0.01933087939716005},"group1 - Bot2":{"border":-0.021994161281571056,"corner":-0.2845989089911931,"freedom":-0.2618182026704594,"table":0.48519446689082946},"group2 - Bot2":{"border":-0.9866535618257928,"corner":-0.4995982372440948,"freedom":-0.7135317874411569,"table":0.7653057851517309},"group3 - Bot1":{"border":0.09473925994304055,"corner":-0.7686754268982083,"freedom":-0.3316125209121812,"table":0.1018478251601107},"group4 - Bot1":{"border":-0.7243785800778022,"corner":0.22491527862643212,"freedom":0.5127947858373556,"table":0.9227690968120106},"group4 - Bot0":{"border":-0.5173238281903545,"corner":0.004544585784011845,"freedom":0.8991088965482252,"table":0.5826724429306052},"group6 - Bot0":{"border":0.7487589477070986,"corner":-0.32669402175393003,"freedom":0.6277475382814226,"table":-0.01933087939716005},"group7 - Bot2":{"border":-0.8203717063374507,"corner":0.45535726702287604,"freedom":-0.9838611020922607,"table":0.3201608294124456},"group7 - Bot3":{"border":0.07579879444653725,"corner":-0.32669402175393003,"freedom":0.6277475382814226,"table":-0.01933087939716005},"group5 - Bot0":{"border":0.5669826778527154,"corner":-0.9187214912578869,"freedom":0.5643751664635503,"table":0.5921561205254167},"group6 - Bot2":{"border":0.5315057662620621,"corner":-0.07900875425977572,"freedom":-0.7782119480816672,"table":0.4500659666678146},"group7 - Bot0":{"border":-0.28480034690339284,"corner":0.09886849758234373,"freedom":-0.49405075078696314,"table":0.335663309558732},"group5 - Bot1":{"border":-0.9920234272512407,"corner":0.7876465764912277,"freedom":0.8901926820355948,"table":0.09235661855442223},"group6 - Bot1":{"border":0.5171730200705957,"corner":0.6161170094428841,"freedom":-0.12655437110670187,"table":0.2556586979426878},"group7 - Bot1":{"border":0.8943216420815305,"corner":-0.5994381085839757,"freedom":-0.40970163349249944,"table":-0.37424149456802613},"group5 - Bot2":{"border":-0.9155246039088702,"corner":-0.8733490067954759,"freedom":-0.3646751936702892,"table":0.8567341526832299},"group6 - Bot4":{"border":-0.4049389405715196,"corner":-0.0833714363568443,"freedom":0.5738462982754962,"table":0.9976738182183869},"group5 - Bot3":{"border":0.5333331826559617,"corner":-0.3147581306080065,"freedom":-0.8994930120751119,"table":-0.3405578119648276},"group6 - Bot3":{"border":0.03481224319310505,"corner":-0.14959459683294352,"freedom":-0.826832511333053,"table":0.9995247887042296},"group5 - Bot4":{"border":-0.38265479782669254,"corner":-0.578707328702627,"freedom":0.23873187396887663,"table":0.1815017702550581},"group7 - Bot4":{"border":0.03596483938753292,"corner":0.5780190665662865,"freedom":0.40478480123011784,"table":-0.06949055027168738}},"finalResults":{"Bot7 - Bot1":1.0,"Bot7 - Bot0":1.0,"Bot6 - Bot0":-1.0,"Bot6 - Bot1":1.0,"Bot7 - Bot3":1.0,"Bot7 - Bot2":-1.0,"Bot6 - Bot2":1.0,"Bot5 - Bot0":1.0,"Bot5 - Bot1":1.0,"Bot4 - Bot0":1.0,"Bot3 - Bot0":1.0,"Bot4 - Bot2":-1.0,"Bot5 - Bot4":1.0,"Bot6 - Bot7":1.0,"Bot4 - Bot1":1.0,"Bot3 - Bot1":-1.0,"Bot3 - Bot2":-1.0,"Bot5 - Bot2":-1.0,"Bot4 - Bot3":-1.0,"Bot5 - Bot3":1.0,"Bot3 - Bot4":1.0,"Bot6 - Bot3":-1.0,"Bot7 - Bot5":1.0,"Bot4 - Bot6":-1.0,"Bot7 - Bot4":-1.0,"Bot3 - Bot5":1.0,"Bot4 - Bot5":1.0,"Bot6 - Bot4":1.0,"Bot3 - Bot6":-1.0,"Bot6 - Bot5":1.0,"Bot5 - Bot6":-1.0,"Bot7 - Bot6":1.0,"Bot4 - Bot7":1.0,"Bot3 - Bot7":1.0,"Bot5 - Bot7":-1.0,"Bot1 - Bot6":-1.0,"Bot1 - Bot7":1.0,"Bot1 - Bot4":-1.0,"Bot1 - Bot5":1.0,"Bot1 - Bot2":-1.0,"Bot1 - Bot3":1.0,"Bot1 - Bot0":-1.0,"Bot0 - Bot5":1.0,"Bot0 - Bot6":-1.0,"Bot0 - Bot7":1.0,"Bot2 - Bot7":1.0,"Bot0 - Bot1":-1.0,"Bot2 - Bot6":-1.0,"Bot0 - Bot2":-1.0,"Bot2 - Bot5":1.0,"Bot0 - Bot3":-1.0,"Bot2 - Bot4":1.0,"Bot2 - Bot3":1.0,"Bot0 - Bot4":1.0,"Bot2 - Bot1":1.0,"Bot2 - Bot0":1.0},"finalScores":{"final":"[5.0, 5.0, 12.0, 7.0, 6.0, 4.0, 11.0, 6.0]"},"groupStageResults":{"group7":{"Bot0 - Bot1":1.0,"Bot1 - Bot4":-1.0,"Bot0 - Bot2":1.0,"Bot0 - Bot3":1.0,"Bot1 - Bot2":-1.0,"Bot2 - Bot4":1.0,"Bot0 - Bot4":1.0,"Bot1 - Bot3":-1.0,"Bot2 - Bot3":1.0,"Bot1 - Bot0":-1.0,"Bot2 - Bot1":1.0,"Bot2 - Bot0":1.0,"Bot4 - Bot0":-1.0,"Bot3 - Bot0":-1.0,"Bot4 - Bot2":-1.0,"Bot3 - Bot1":1.0,"Bot4 - Bot1":-1.0,"Bot3 - Bot2":-1.0,"Bot4 - Bot3":1.0,"Bot3 - Bot4":-1.0},"group4":{"Bot0 - Bot1":1.0,"Bot1 - Bot4":-1.0,"Bot0 - Bot2":1.0,"Bot0 - Bot3":-1.0,"Bot1 - Bot2":1.0,"Bot2 - Bot4":1.0,"Bot0 - Bot4":1.0,"Bot1 - Bot3":-1.0,"Bot2 - Bot3":1.0,"Bot1 - Bot0":1.0,"Bot2 - Bot1":-1.0,"Bot2 - Bot0":-1.0,"Bot4 - Bot0":-1.0,"Bot3 - Bot0":-1.0,"Bot4 - Bot2":-1.0,"Bot3 - Bot1":1.0,"Bot4 - Bot1":-1.0,"Bot3 - Bot2":0.5,"Bot4 - Bot3":1.0,"Bot3 - Bot4":-1.0},"group3":{"Bot0 - Bot1":1.0,"Bot1 - Bot4":-1.0,"Bot0 - Bot2":1.0,"Bot0 - Bot3":1.0,"Bot1 - Bot2":-1.0,"Bot2 - Bot4":-1.0,"Bot0 - Bot4":1.0,"Bot1 - Bot3":1.0,"Bot2 - Bot3":1.0,"Bot1 - Bot0":1.0,"Bot2 - Bot1":1.0,"Bot2 - Bot0":1.0,"Bot4 - Bot0":1.0,"Bot3 - Bot0":-1.0,"Bot4 - Bot2":1.0,"Bot3 - Bot1":-1.0,"Bot4 - Bot1":1.0,"Bot3 - Bot2":1.0,"Bot4 - Bot3":-1.0,"Bot3 - Bot4":0.5},"group6":{"Bot0 - Bot1":-1.0,"Bot1 - Bot4":1.0,"Bot0 - Bot2":-1.0,"Bot0 - Bot3":1.0,"Bot1 - Bot2":1.0,"Bot2 - Bot4":-1.0,"Bot0 - Bot4":-1.0,"Bot1 - Bot3":-1.0,"Bot2 - Bot3":-1.0,"Bot1 - Bot0":-1.0,"Bot2 - Bot1":-1.0,"Bot2 - Bot0":1.0,"Bot4 - Bot0":1.0,