{"winner":{"border":0.20637034264025234,"corner":0.7736300406925383,"freedom":0.01642995063772168,"table":0.524845606346078},"botsInfos":{"group1 - Bot1":{"border":-0.3925924609529643,"corner":-0.4340267916365974,"freedom":-0.10809622497382332,"table":-0.7738099153247551},"group2 - Bot3":{"border":0.6965954011665845,"corner":0.3461427398141812,"freedom":0.11668000365501685,"table":0.38770643957401174},"group0 - Bot0":{"border":0.0493418968829602,"corner":0.004792689004966322,"freedom":-0.8277214232224877,"table":0.2652293072410383},"group1 - Bot0":{"border":-0.27974516610146716,"corner":0.45535726702287604,"freedom":-0.9838611020922607,"table":0.3201608294124456},"group2 - Bot4":{"border":-0.7931762499515111,"corner":-0.11268539928052901,"freedom":-0.27946722851013295,"table":-0.8622898694012124},"group3 - Bot4":{"border":0.20637034264025234,"corner":-0.6553277451499202,"freedom":-0.3520469825847252,"table":0.524845606346078},"group0 - Bot3":{"border":-0.1539615647739212,"corner":0.02045768090891631,"freedom":0.3600580435081411,"table":-0.8312809748844143},"group3 - Bot2":{"border":-0.023149053528257246,"corner":-0.7194853943645558,"freedom":0.8979294154005635,"table":0.5129105160641989},"group4 - Bot4":{"border":0.9663387884672798,"corner":0.3571433787156726,"freedom":0.3070393533905873,"table":0.653276308719509},"group0 - Bot4":{"border":0.8429246131549697,"corner":-0.8885496119173284,"freedom":-0.014895295358350324,"table":-0.8059675422235901},"group1 - Bot4":{"border":-0.7331350706104669,"corner":-0.0063320791691534595,"freedom":-0.5569242763675213,"table":0.5612871986047876},"group2 - Bot0":{"border":0.17696718012793822,"corner":0.1271788536010734,"freedom":-0.007974605359103215,"table":0.05348666178471828},"group3 - Bot3":{"border":0.4396644310180302,"corner":0.8324141751680076,"freedom":0.25919753627576614,"table":0.0011879077174721253},"group4 - Bot3":{"border":0.6600093797875544,"corner":-0.05047985673635047,"freedom":0.2865229132428919,"table":0.875920875929175},"group0 - Bot1":{"border":-0.017058972190776567,"corner":0.318279695453775,"freedom":0.13216047012872068,"table":0.93318733165203},"group1 - Bot3":{"border":-0.9669062074686798,"corner":0.7079065467998751,"freedom":-0.1374936326646028,"table":0.4659287549723914},"group2 - Bot1":{"border":0.0493418968829602,"corner":0.004792689004966322,"freedom":-0.8277214232224877,"table":0.20666973129805188},"group3 - Bot0":{"border":0.20637034264025234,"corner":0.7736300406925383,"freedom":0.01642995063772168,"table":0.524845606346078},"group4 - Bot2":{"border":-0.6587548484151329,"corner":0.22782381877022106,"freedom":0.7282603613448853,"table":0.3901187071330161},"group0 - Bot2":{"border":0.02272777735750897,"corner":-0.9662064426687129,"freedom":0.3777600144758917,"table":0.8021065329423254},"group1 - Bot2":{"border":0.15629863861233617,"corner":-0.14058562723976964,"freedom":0.8870292300021836,"table":0.8984304711517239},"group2 - Bot2":{"border":0.0789561443763831,"corner":-0.149371692323788,"freedom":0.9318429725578354,"table":-0.9799979186202048},"group3 - Bot1":{"border":-0.9025550758283476,"corner":0.6464301698322625,"freedom":-0.9537300696611011,"table":-0.45806853923447033},"group4 - Bot1":{"border":0.06153952182943767,"corner":-0.10697261152956372,"freedom":0.5168715855179504,"table":0.07884272380145307},"group4 - Bot0":{"border":0.06153952182943767,"corner":-0.1900193353516988,"freedom":0.5168715855179504,"table":0.07884272380145307},"group6 - Bot0":{"border":0.7383219701664174,"corner":0.7736300406925383,"freedom":0.01642995063772168,"table":0.524845606346078},"group7 - Bot2":{"border":0.6734727896835806,"corner":-0.15534850030353486,"freedom":0.3495181475568012,"table":-0.32699672005834257},"group7 - Bot3":{"border":-0.3586643328994763,"corner":0.672749465089773,"freedom":-0.2416700207416409,"table":0.7005852350214781},"group5 - Bot0":{"border":0.5443293792129684,"corner":0.09886849758234373,"freedom":-0.49405075078696314,"table":0.335663309558732},"group6 - Bot2":{"border":0.7988273248573148,"corner":-0.7684514452873517,"freedom":0.1570039760862192,"table":0.816826509437869},"group7 - Bot0":{"border":0.34025797116299383,"corner":-0.48936865531228313,"freedom":0.26595805886820023,"table":0.18072270758855646},"group5 - Bot1":{"border":-0.22114901097044104,"corner":-0.7234898151118863,"freedom":0.8973470591017259,"table":0.6956129005259857},"group6 - Bot1":{"border":0.7534908270363492,"corner":0.7382313693450364,"freedom":0.7867916052696862,"table":0.310102883651062},"group7 - Bot1":{"border":0.8104455406991411,"corner":0.24996466635571246,"freedom":-0.04107714336168078,"table":-0.05393291848266868},"group5 - Bot2":{"border":-0.1261195075288346,"corner":0.3787596753784981,"freedom":-0.12196192644063597,"table":-0.08273825786280842},"group6 - Bot4":{"border":-0.04375838102229768,"corner":-0.6109613590797933,"freedom":-0.35786408170648265,"table":-0.29946610463591683},"group5 - Bot3":{"border":-0.3781002070046393,"corner":-0.26170281531652595,"freedom":-0.12931178177011904,"table":0.10258817316528757},"group6 - Bot3":{"border":-0.5436285643168457,"corner":-0.14339996149585787,"freedom":-0.22034015562508658,"table":-0.16640632763314178},"group5 - Bot4":{"border":-0.7052804172370537,"corner":-0.40596999820202484,"freedom":0.6584641265856133,"table":0.20559694550165397},"group7 - Bot4":{"border":-0.6252967386018917,"corner":-0.3647087644862579,"freedom":-0.6454354629242987,"table":0.17512191425255574}},"finalResults":{"Bot7 - Bot1":-1.0,"Bot7 - Bot0":-1.0,"Bot6 - Bot0":1.0,"Bot6 - Bot1":1.0,"Bot7 - Bot3":-1.0,"Bot7 - Bot2":-1.0,"Bot6 - Bot2":-1.0,"Bot5 - Bot0":1.0,"Bot5 - Bot1":1.0,"Bot4 - Bot0":1.0,"Bot3 - Bot0":-1.0,"Bot4 - Bot2":-1.0,"Bot5 - Bot4":-1.0,"Bot6 - Bot7":1.0,"Bot4 - Bot1":-1.0,"Bot3 - Bot1":1.0,"Bot5 - Bot2":1.0,"Bot3 - Bot2":1.0,"Bot5 - Bot3":-1.0,"Bot4 - Bot3":-1.0,"Bot3 - Bot4":1.0,"Bot6 - Bot3":1.0,"Bot7 - Bot5":1.0,"Bot4 - Bot6":1.0,"Bot7 - Bot4":-1.0,"Bot4 - Bot5":1.0,"Bot3 - Bot5":1.0,"Bot6 - Bot4":-1.0,"Bot5 - Bot6":1.0,"Bot3 - Bot6":-1.0,"Bot6 - Bot5":-1.0,"Bot7 - Bot6":-1.0,"Bot5 - Bot7":0.5,"Bot4 - Bot7":1.0,"Bot3 - Bot7":1.0,"Bot1 - Bot6":1.0,"Bot1 - Bot7":1.0,"Bot1 - Bot4":1.0,"Bot1 - Bot5":1.0,"Bot1 - Bot2":0.5,"Bot1 - Bot3":1.0,"Bot1 - Bot0":1.0,"Bot0 - Bot5":1.0,"Bot0 - Bot6":1.0,"Bot0 - Bot7":1.0,"Bot2 - Bot7":1.0,"Bot0 - Bot1":1.0,"Bot2 - Bot6":-1.0,"Bot0 - Bot2":1.0,"Bot2 - Bot5":1.0,"Bot0 - Bot3":1.0,"Bot2 - Bot4":1.0,"Bot2 - Bot3":-1.0,"Bot0 - Bot4":-1.0,"Bot2 - Bot1":1.0,"Bot2 - Bot0":1.0},"finalScores":{"final":"[8.0, 8.5, 8.5, 9.0, 8.0, 5.5, 7.0, 1.5]"},"groupStageResults":{"group7":{"Bot0 - Bot1":1.0,"Bot1 - Bot4":-1.0,"Bot0 - Bot2":1.0,"Bot0 - Bot3":1.0,"Bot1 - Bot2":-1.0,"Bot2 - Bot4":-1.0,"Bot0 - Bot4":1.0,"Bot1 - Bot3":-1.0,"Bot2 - Bot3":-1.0,"Bot1 - Bot0":1.0,"Bot2 - Bot1":1.0,"Bot2 - Bot0":1.0,"Bot4 - Bot0":-1.0,"Bot3 - Bot0":1.0,"Bot4 - Bot2":1.0,"Bot3 - Bot1":1.0,"Bot4 - Bot1":1.0,"Bot3 - Bot2":-1.0,"Bot4 - Bot3":-1.0,"Bot3 - Bot4":-1.0},"group4":{"Bot0 - Bot1":1.0,"Bot1 - Bot4":-1.0,"Bot0 - Bot2":1.0,"Bot0 - Bot3":1.0,"Bot1 - Bot2":1.0,"Bot2 - Bot4":-1.0,"Bot0 - Bot4":1.0,"Bot1 - Bot3":-1.0,"Bot2 - Bot3":-1.0,"Bot1 - Bot0":-1.0,"Bot2 - Bot1":1.0,"Bot2 - Bot0":-1.0,"Bot4 - Bot0":-1.0,"Bot3 - Bot0":-1.0,"Bot4 - Bot2":1.0,"Bot3 - Bot1":1.0,"Bot4 - Bot1":-1.0,"Bot3 - Bot2":1.0,"Bot4 - Bot3":-1.0,"Bot3 - Bot4":-1.0},"group3":{"Bot0 - Bot1":1.0,"Bot1 - Bot4":-1.0,"Bot0 - Bot2":1.0,"Bot0 - Bot3":1.0,"Bot1 - Bot2":-1.0,"Bot2 - Bot4":1.0,"Bot0 - Bot4":1.0,"Bot1 - Bot3":-1.0,"Bot2 - Bot3":1.0,"Bot1 - Bot0":-1.0,"Bot2 - Bot1":1.0,"Bot2 - Bot0":-1.0,"Bot4 - Bot0":1.0,"Bot3 - Bot0":-1.0,"Bot4 - Bot2":1.0,"Bot3 - Bot1":1.0,"Bot4 - Bot1":1.0,"Bot3 - Bot2":1.0,"Bot4 - Bot3":1.0,"Bot3 - Bot4":1.0},"group6":{"Bot0 - Bot1":1.0,"Bot1 - Bot4":0.5,"Bot0 - Bot2":1.0,"Bot0 - Bot3":1.0,"Bot1 - Bot2":-1.0,"Bot2 - Bot4":1.0,"Bot0 - Bot4":1.0,"Bot1 - Bot3":1.0,"Bot2 - Bot3":1.0,"Bot1 - Bot0":-1.0,"Bot2 - Bot1":1.0,"Bot2 - Bot0":1.0,"Bot4 - Bot0":-1.0,