{"winner":{"border":0.9490091224462389,"corner":-0.5710653309180813,"freedom":-0.31569856364563376,"table":0.2729708673720541},"botsInfos":{"group1 - Bot1":{"border":0.4669826517558944,"corner":0.43154526496112644,"freedom":-0.09465383556849294,"table":0.1510267697972456},"group2 - Bot3":{"border":0.24324132401579956,"corner":-0.9574929247579795,"freedom":0.5408159715307665,"table":-0.4108715639197962},"group0 - Bot0":{"border":-0.3337035791921277,"corner":0.6297613142910079,"freedom":-0.0727416161154224,"table":0.9913285369243308},"group1 - Bot0":{"border":0.7169265310483446,"corner":-0.16447498725240095,"freedom":0.1514598365923121,"table":0.9723735209420232},"group2 - Bot4":{"border":0.21030273288766455,"corner":0.8394725182636784,"freedom":-0.7806625048058653,"table":-0.4069348883966042},"group3 - Bot4":{"border":-0.9424775002037218,"corner":0.8557047743019714,"freedom":0.6534820132424821,"table":-0.38613360354821236},"group0 - Bot3":{"border":0.15957263807413757,"corner":0.3617825490197255,"freedom":-0.9111446713571338,"table":0.09271449515078833},"group3 - Bot2":{"border":0.6504654964423013,"corner":0.5191996715855529,"freedom":-0.3028459455804846,"table":0.3239691803835205},"group4 - Bot4":{"border":0.9490091224462389,"corner":-0.5710653309180813,"freedom":-0.31569856364563376,"table":0.7180692124380883},"group0 - Bot4":{"border":-0.5978199667734048,"corner":-0.17331887919735167,"freedom":0.38143789798579175,"table":-0.296214704593895},"group1 - Bot4":{"border":0.7392705322365027,"corner":-0.046818025724352674,"freedom":0.06174024111552234,"table":-0.8732889873250442},"group2 - Bot0":{"border":0.9490091224462389,"corner":-0.5710653309180813,"freedom":-0.31569856364563376,"table":0.2729708673720541},"group3 - Bot3":{"border":-0.2728125411517506,"corner":0.8062011793417507,"freedom":0.6357726452087265,"table":0.10354654867667534},"group4 - Bot3":{"border":0.978014473133884,"corner":0.9638562112494926,"freedom":-0.4709093274964242,"table":-0.6867978560865813},"group0 - Bot1":{"border":-0.8401695741917017,"corner":-0.7950962953327354,"freedom":-0.7749723705474816,"table":0.5284423877610458},"group1 - Bot3":{"border":-0.5893923252486926,"corner":0.44931260020489616,"freedom":-0.6509023816522341,"table":-0.645240833676},"group2 - Bot1":{"border":-0.30562694051317973,"corner":-0.9450833027875323,"freedom":-0.568052268131576,"table":-0.645469388988352},"group3 - Bot0":{"border":-0.8659646032570574,"corner":-0.6640003626691822,"freedom":-0.667837124047572,"table":0.9604721234670432},"group4 - Bot2":{"border":0.6643489986343898,"corner":-0.5569173955014557,"freedom":0.030318892019212784,"table":0.19022827282526},"group0 - Bot2":{"border":-0.16813655766593638,"corner":-0.1863051851416042,"freedom":-0.8729494518819454,"table":-0.49539370655126946},"group1 - Bot2":{"border":0.5972875783081499,"corner":-0.7198156464008159,"freedom":0.5585605963637696,"table":-0.5279420956272141},"group2 - Bot2":{"border":0.6341549363934611,"corner":-0.20206858598213073,"freedom":0.19779198103713447,"table":-0.8555217269640738},"group3 - Bot1":{"border":-0.13797432627989714,"corner":0.6568708986627654,"freedom":-0.7933967706038307,"table":-0.5028871355694688},"group4 - Bot1":{"border":-0.31678067803160204,"corner":0.732352944649628,"freedom":0.5901895750021526,"table":0.20773307302367372},"group4 - Bot0":{"border":0.15957263807413757,"corner":0.3617825490197255,"freedom":-0.9111446713571338,"table":0.3259163826339768},"group6 - Bot0":{"border":0.8323972264460586,"corner":-0.33460504464117036,"freedom":0.0038583608758242516,"table":0.40077254182478184},"group7 - Bot2":{"border":0.36597068226961715,"corner":-0.04937863679274068,"freedom":0.9407770347751265,"table":-0.46239051542659015},"group7 - Bot3":{"border":-0.13633881059028385,"corner":-0.6232548102944815,"freedom":-0.2968488599674399,"table":-0.2147034915383217},"group5 - Bot0":{"border":-0.5308710889207497,"corner":0.524682455863503,"freedom":-0.2121241304473218,"table":0.7307997650955191},"group6 - Bot2":{"border":-0.53209210403795,"corner":0.782844879973889,"freedom":-0.5780263217934121,"table":0.20605566303427292},"group7 - Bot0":{"border":0.48711333925943956,"corner":-0.14170255584119218,"freedom":0.9194691866075959,"table":0.33332386155238636},"group5 - Bot1":{"border":0.3569295470502627,"corner":-0.6974002068114753,"freedom":0.5844896482317936,"table":0.5177440926655978},"group6 - Bot1":{"border":0.4360429196455149,"corner":0.1556788179523163,"freedom":-0.9723869522710418,"table":0.29250707129351383},"group7 - Bot1":{"border":0.7281753608487329,"corner":0.5296897712613133,"freedom":-0.23985928071334128,"table":-0.7760072066615302},"group5 - Bot2":{"border":0.12387158796336295,"corner":0.5160592237786494,"freedom":-0.7675844161357206,"table":0.8213198004101974},"group6 - Bot4":{"border":-0.9425299618464265,"corner":-0.8537446782315103,"freedom":-0.3983209169189319,"table":-0.8120065987072853},"group5 - Bot3":{"border":0.8702186739343969,"corner":0.19497595078625785,"freedom":-0.9595987164043249,"table":-0.509202719247617},"group6 - Bot3":{"border":-0.4724162309581492,"corner":0.9449054068865719,"freedom":-0.697948923748384,"table":0.3290052017330207},"group5 - Bot4":{"border":0.057373770440647176,"corner":0.16995257024371302,"freedom":-0.8696046032097826,"table":0.4048228449870457},"group7 - Bot4":{"border":-0.0569030650908231,"corner":-0.8096844514878214,"freedom":-0.6872820821570873,"table":0.7226889287474623}},"finalResults":{"Bot7 - Bot1":-1.0,"Bot6 - Bot0":-1.0,"Bot7 - Bot0":1.0,"Bot6 - Bot1":1.0,"Bot7 - Bot3":-1.0,"Bot6 - Bot2":-1.0,"Bot7 - Bot2":-1.0,"Bot5 - Bot0":1.0,"Bot5 - Bot1":1.0,"Bot4 - Bot0":-1.0,"Bot3 - Bot0":1.0,"Bot4 - Bot2":1.0,"Bot5 - Bot4":-1.0,"Bot6 - Bot7":1.0,"Bot4 - Bot1":-1.0,"Bot3 - Bot1":-1.0,"Bot5 - Bot2":-1.0,"Bot3 - Bot2":1.0,"Bot4 - Bot3":-1.0,"Bot5 - Bot3":1.0,"Bot6 - Bot3":0.5,"Bot3 - Bot4":1.0,"Bot4 - Bot6":-1.0,"Bot7 - Bot5":-1.0,"Bot4 - Bot5":1.0,"Bot6 - Bot4":1.0,"Bot3 - Bot5":1.0,"Bot7 - Bot4":1.0,"Bot6 - Bot5":-1.0,"Bot3 - Bot6":-1.0,"Bot5 - Bot6":-1.0,"Bot4 - Bot7":1.0,"Bot3 - Bot7":1.0,"Bot5 - Bot7":1.0,"Bot7 - Bot6":1.0,"Bot1 - Bot6":1.0,"Bot1 - Bot7":-1.0,"Bot1 - Bot4":1.0,"Bot1 - Bot5":-1.0,"Bot1 - Bot2":-1.0,"Bot1 - Bot3":1.0,"Bot1 - Bot0":1.0,"Bot0 - Bot5":1.0,"Bot0 - Bot6":-1.0,"Bot0 - Bot7":1.0,"Bot2 - Bot7":1.0,"Bot0 - Bot1":1.0,"Bot2 - Bot6":1.0,"Bot0 - Bot2":-1.0,"Bot2 - Bot5":-1.0,"Bot0 - Bot3":1.0,"Bot2 - Bot4":1.0,"Bot2 - Bot3":1.0,"Bot0 - Bot4":1.0,"Bot2 - Bot1":-1.0,"Bot2 - Bot0":-1.0},"finalScores":{"final":"[8.0, 8.0, 9.0, 7.5, 4.0, 8.0, 7.5, 4.0]"},"groupStageResults":{"group7":{"Bot0 - Bot1":1.0,"Bot1 - Bot4":1.0,"Bot0 - Bot2":-1.0,"Bot0 - Bot3":1.0,"Bot1 - Bot2":-1.0,"Bot2 - Bot4":1.0,"Bot0 - Bot4":1.0,"Bot1 - Bot3":-1.0,"Bot2 - Bot3":-1.0,"Bot1 - Bot0":-1.0,"Bot2 - Bot1":1.0,"Bot2 - Bot0":-1.0,"Bot4 - Bot0":-1.0,"Bot3 - Bot0":-1.0,"Bot4 - Bot2":1.0,"Bot3 - Bot1":1.0,"Bot4 - Bot1":1.0,"Bot3 - Bot2":-1.0,"Bot4 - Bot3":1.0,"Bot3 - Bot4":-1.0},"group4":{"Bot0 - Bot1":-1.0,"Bot1 - Bot4":-1.0,"Bot0 - Bot2":1.0,"Bot0 - Bot3":1.0,"Bot1 - Bot2":-1.0,"Bot2 - Bot4":1.0,"Bot0 - Bot4":1.0,"Bot1 - Bot3":1.0,"Bot2 - Bot3":1.0,"Bot1 - Bot0":1.0,"Bot2 - Bot1":1.0,"Bot2 - Bot0":-1.0,"Bot4 - Bot0":-1.0,"Bot3 - Bot0":-1.0,"Bot4 - Bot2":-1.0,"Bot3 - Bot1":0.5,"Bot4 - Bot1":-1.0,"Bot3 - Bot2":-1.0,"Bot4 - Bot3":1.0,"Bot3 - Bot4":-1.0},"group3":{"Bot0 - Bot1":1.0,"Bot1 - Bot4":1.0,"Bot0 - Bot2":1.0,"Bot0 - Bot3":1.0,"Bot1 - Bot2":-1.0,"Bot2 - Bot4":1.0,"Bot0 - Bot4":1.0,"Bot1 - Bot3":-1.0,"Bot2 - Bot3":-1.0,"Bot1 - Bot0":-1.0,"Bot2 - Bot1":1.0,"Bot2 - Bot0":1.0,"Bot4 - Bot0":-1.0,"Bot3 - Bot0":-1.0,"Bot4 - Bot2":-1.0,"Bot3 - Bot1":1.0,"Bot4 - Bot1":-1.0,"Bot3 - Bot2":-1.0,"Bot4 - Bot3":-1.0,"Bot3 - Bot4":1.0},"group6":{"Bot0 - Bot1":1.0,"Bot1 - Bot4":1.0,"Bot0 - Bot2":1.0,"Bot0 - Bot3":1.0,"Bot1 - Bot2":1.0,"Bot2 - Bot4":1.0,"Bot0 - Bot4":1.0,"Bot1 - Bot3":-1.0,"Bot2 - Bot3":1.0,"Bot1 - Bot0":-1.0,"Bot2 - Bot1":1.0,"Bot2 - Bot0":1.0,"Bot4 - Bot0":1.0,"Bot3 - Bot0":1.0,