{"winner":{"border":-0.3337035791921277,"corner":-0.433192037194456,"freedom":-0.0727416161154224,"table":0.9913285369243308},"botsInfos":{"group1 - Bot1":{"border":0.09980751134276789,"corner":-0.8659723476902772,"freedom":-0.543747143776012,"table":0.10314735876118175},"group2 - Bot3":{"border":-0.8352752428921104,"corner":-0.9870718822012756,"freedom":-0.18195980520587351,"table":0.8121476168207649},"group0 - Bot0":{"border":-0.3337035791921277,"corner":-0.433192037194456,"freedom":-0.0727416161154224,"table":0.9913285369243308},"group1 - Bot0":{"border":0.5700159890224354,"corner":-0.7045372266056928,"freedom":0.5402228517345704,"table":0.08451007958931567},"group2 - Bot4":{"border":-0.5290520577544151,"corner":0.43745913424497695,"freedom":-0.9653823740875209,"table":0.1830319837920784},"group3 - Bot4":{"border":0.9576131827271772,"corner":-0.8707813022262438,"freedom":0.20588140172791447,"table":0.620727105388373},"group0 - Bot3":{"border":-0.12236878451842714,"corner":-0.4019655130000883,"freedom":0.48282294865157693,"table":0.37666108506778695},"group3 - Bot2":{"border":-0.5320776415537105,"corner":-0.10378739807068227,"freedom":0.35557885938174216,"table":-0.6290939510412332},"group4 - Bot4":{"border":0.8677975748705191,"corner":-0.7287990382544625,"freedom":-0.6220189210255476,"table":-0.6928545588612203},"group0 - Bot4":{"border":-0.6346050463483781,"corner":-0.6090734137511233,"freedom":0.4089903251925131,"table":-0.4922943182929367},"group1 - Bot4":{"border":0.5283418701644138,"corner":0.8849077817642677,"freedom":0.3010180718173272,"table":-0.11107859440482515},"group2 - Bot0":{"border":-0.3337035791921277,"corner":0.9868094357534307,"freedom":-0.0727416161154224,"table":0.9913285369243308},"group3 - Bot3":{"border":0.6662583560389308,"corner":-0.4664794178026881,"freedom":0.6267219325097009,"table":0.435146446070348},"group4 - Bot3":{"border":-0.6413941028139503,"corner":0.470795097724366,"freedom":0.2098313008954018,"table":-0.09253997031845662},"group0 - Bot1":{"border":0.716568980570077,"corner":-0.20715092771218857,"freedom":-0.40649379608659775,"table":0.4919870693760424},"group1 - Bot3":{"border":0.7169265310483446,"corner":-0.16447498725240095,"freedom":0.1514598365923121,"table":0.9723735209420232},"group2 - Bot1":{"border":0.09781557975960498,"corner":-0.7726066826487259,"freedom":0.12135385714527147,"table":-0.8188905553630279},"group3 - Bot0":{"border":0.5283418701644138,"corner":0.8849077817642677,"freedom":0.3010180718173272,"table":0.7109016460955946},"group4 - Bot2":{"border":-0.675213615316715,"corner":0.9202269761812369,"freedom":0.187737976627514,"table":-0.04713636296568802},"group0 - Bot2":{"border":0.38210421885029544,"corner":0.4386340761113994,"freedom":-0.8373419006734288,"table":-0.2000995636493934},"group1 - Bot2":{"border":0.13489608305487422,"corner":-0.07214058489802544,"freedom":-0.5871361462452966,"table":-0.07688979483626635},"group2 - Bot2":{"border":0.09303067420997069,"corner":-0.7751035308994227,"freedom":0.6712866866777838,"table":-0.6878442579554844},"group3 - Bot1":{"border":-0.25268690429214136,"corner":0.7806352902803906,"freedom":-0.4470494302540673,"table":-0.8869155065543137},"group4 - Bot1":{"border":-0.39390596693815016,"corner":0.23656918407599825,"freedom":0.5931087269441555,"table":0.8598623737689497},"group4 - Bot0":{"border":0.15957263807413757,"corner":0.3617825490197255,"freedom":-0.9111446713571338,"table":0.3259163826339768},"group6 - Bot0":{"border":-0.675213615316715,"corner":0.9202269761812369,"freedom":0.187737976627514,"table":0.6210643620527969},"group7 - Bot2":{"border":0.06125137018295823,"corner":-0.18195221178018595,"freedom":-0.5355731439610787,"table":-0.6100093888018212},"group7 - Bot3":{"border":-0.25269354278233114,"corner":-0.20950509386129879,"freedom":-0.8336130056423046,"table":-0.7252377408579127},"group5 - Bot0":{"border":-0.4137619773355645,"corner":-0.7045372266056928,"freedom":0.5402228517345704,"table":0.08451007958931567},"group6 - Bot2":{"border":0.8773536773003234,"corner":-0.8836673916671123,"freedom":0.8842689546456657,"table":0.9947696311996637},"group7 - Bot0":{"border":0.184352546839345,"corner":-0.34276497130640915,"freedom":0.7839567549541653,"table":0.581909889585438},"group5 - Bot1":{"border":-0.6275106622187991,"corner":0.513229516684538,"freedom":0.8880082004078946,"table":0.9089567127293101},"group6 - Bot1":{"border":-0.42370918584596473,"corner":0.41381378323399587,"freedom":-0.941862608464447,"table":-0.5450809873983895},"group7 - Bot1":{"border":-0.6859084748099755,"corner":-0.2275696982540547,"freedom":-0.24958561180054195,"table":-0.11698627905913539},"group5 - Bot2":{"border":-0.5308710889207497,"corner":0.524682455863503,"freedom":-0.2121241304473218,"table":0.7307997650955191},"group6 - Bot4":{"border":-0.3935929946487451,"corner":-0.12401844128210038,"freedom":0.8780670454555939,"table":0.44387339700154005},"group5 - Bot3":{"border":-0.45316471948396586,"corner":-0.8212029531458451,"freedom":0.7432263322063049,"table":0.43335753810241395},"group6 - Bot3":{"border":0.7072303236903315,"corner":-0.902725817024338,"freedom":-0.9478300064526286,"table":-0.04477671775331449},"group5 - Bot4":{"border":0.5088724123353607,"corner":0.8833970542200376,"freedom":0.5196529212435987,"table":0.6057538251091483},"group7 - Bot4":{"border":0.1378630728660699,"corner":0.777761177502849,"freedom":0.38129245190895467,"table":0.12884267891038448}},"finalResults":{"Bot7 - Bot1":1.0,"Bot7 - Bot0":-1.0,"Bot6 - Bot0":-1.0,"Bot6 - Bot1":1.0,"Bot7 - Bot3":-1.0,"Bot6 - Bot2":1.0,"Bot7 - Bot2":-1.0,"Bot5 - Bot0":-1.0,"Bot5 - Bot1":-1.0,"Bot4 - Bot0":1.0,"Bot3 - Bot0":-1.0,"Bot4 - Bot2":1.0,"Bot5 - Bot4":1.0,"Bot6 - Bot7":-1.0,"Bot4 - Bot1":-1.0,"Bot3 - Bot1":1.0,"Bot3 - Bot2":-1.0,"Bot5 - Bot2":1.0,"Bot4 - Bot3":1.0,"Bot5 - Bot3":-1.0,"Bot3 - Bot4":1.0,"Bot6 - Bot3":-1.0,"Bot4 - Bot6":-1.0,"Bot7 - Bot5":1.0,"Bot4 - Bot5":1.0,"Bot3 - Bot5":1.0,"Bot7 - Bot4":1.0,"Bot6 - Bot4":-1.0,"Bot3 - Bot6":-1.0,"Bot5 - Bot6":1.0,"Bot6 - Bot5":-1.0,"Bot4 - Bot7":1.0,"Bot3 - Bot7":1.0,"Bot7 - Bot6":1.0,"Bot5 - Bot7":1.0,"Bot1 - Bot6":-1.0,"Bot1 - Bot7":-1.0,"Bot1 - Bot4":-1.0,"Bot1 - Bot5":1.0,"Bot1 - Bot2":-1.0,"Bot1 - Bot3":1.0,"Bot1 - Bot0":-1.0,"Bot0 - Bot5":1.0,"Bot0 - Bot6":1.0,"Bot0 - Bot7":1.0,"Bot2 - Bot7":-1.0,"Bot0 - Bot1":-1.0,"Bot2 - Bot6":1.0,"Bot0 - Bot2":1.0,"Bot2 - Bot5":-1.0,"Bot0 - Bot3":-1.0,"Bot2 - Bot4":1.0,"Bot2 - Bot3":-1.0,"Bot0 - Bot4":1.0,"Bot2 - Bot1":1.0,"Bot2 - Bot0":-1.0},"finalScores":{"final":"[11.0, 5.0, 6.0, 9.0, 7.0, 6.0, 5.0, 7.0]"},"groupStageResults":{"group7":{"Bot0 - Bot1":1.0,"Bot1 - Bot4":-1.0,"Bot0 - Bot2":1.0,"Bot0 - Bot3":1.0,"Bot1 - Bot2":-1.0,"Bot2 - Bot4":-1.0,"Bot0 - Bot4":-1.0,"Bot1 - Bot3":-1.0,"Bot2 - Bot3":1.0,"Bot1 - Bot0":-1.0,"Bot2 - Bot1":1.0,"Bot2 - Bot0":-1.0,"Bot4 - Bot0":1.0,"Bot3 - Bot0":-1.0,"Bot4 - Bot2":1.0,"Bot3 - Bot1":-1.0,"Bot4 - Bot1":1.0,"Bot3 - Bot2":-1.0,"Bot4 - Bot3":1.0,"Bot3 - Bot4":-1.0},"group4":{"Bot0 - Bot1":1.0,"Bot1 - Bot4":1.0,"Bot0 - Bot2":-1.0,"Bot0 - Bot3":1.0,"Bot1 - Bot2":1.0,"Bot2 - Bot4":1.0,"Bot0 - Bot4":1.0,"Bot1 - Bot3":1.0,"Bot2 - Bot3":-1.0,"Bot1 - Bot0":1.0,"Bot2 - Bot1":1.0,"Bot2 - Bot0":-1.0,"Bot4 - Bot0":-1.0,"Bot3 - Bot0":-1.0,"Bot4 - Bot2":1.0,"Bot3 - Bot1":1.0,"Bot4 - Bot1":-1.0,"Bot3 - Bot2":1.0,"Bot4 - Bot3":1.0,"Bot3 - Bot4":-1.0},"group3":{"Bot0 - Bot1":1.0,"Bot1 - Bot4":0.5,"Bot0 - Bot2":1.0,"Bot0 - Bot3":1.0,"Bot1 - Bot2":1.0,"Bot2 - Bot4":-1.0,"Bot0 - Bot4":-1.0,"Bot1 - Bot3":-1.0,"Bot2 - Bot3":-1.0,"Bot1 - Bot0":-1.0,"Bot2 - Bot1":-1.0,"Bot2 - Bot0":1.0,"Bot4 - Bot0":-1.0,"Bot3 - Bot0":1.0,"Bot4 - Bot2":1.0,"Bot3 - Bot1":1.0,"Bot4 - Bot1":1.0,"Bot3 - Bot2":1.0,"Bot4 - Bot3":1.0,"Bot3 - Bot4":1.0},"group6":{"Bot0 - Bot1":1.0,"Bot1 - Bot4":-1.0,"Bot0 - Bot2":1.0,"Bot0 - Bot3":1.0,"Bot1 - Bot2":-1.0,"Bot2 - Bot4":-1.0,"Bot0 - Bot4":1.0,"Bot1 - Bot3":-1.0,"Bot2 - Bot3":1.0,"Bot1 - Bot0":-1.0,"Bot2 - Bot1":1.0,"Bot2 - Bot0":1.0,"Bot4 - Bot0":-1.0,"Bot3 - Bot0":-1.0,