{"winner":{"border":0.15957263807413757,"corner":0.3617825490197255,"freedom":-0.45220358482429046,"table":0.3259163826339768},"botsInfos":{"group1 - Bot1":{"border":-0.3771553033191246,"corner":-0.7586993298830724,"freedom":0.10954692329999016,"table":0.775413070881378},"group2 - Bot3":{"border":-0.6634309818327155,"corner":0.6586008714440297,"freedom":0.07016646359482359,"table":0.9702566990838888},"group0 - Bot0":{"border":-0.7975889901540101,"corner":-0.5629858986688179,"freedom":0.045915929820099066,"table":0.5553750431228104},"group1 - Bot0":{"border":-0.8610243445412136,"corner":-0.9787821747644827,"freedom":0.21615235218017004,"table":0.5824054983065732},"group2 - Bot4":{"border":-0.6009664164987465,"corner":-0.8451071803750743,"freedom":0.23466566379295917,"table":-0.6082098982786055},"group3 - Bot4":{"border":0.6457410027964581,"corner":-0.6699438638127846,"freedom":-0.9526794526612443,"table":0.24311036779768314},"group0 - Bot3":{"border":0.8346514111307697,"corner":-0.5979508435005412,"freedom":-0.3678647013369887,"table":0.09620748918003064},"group3 - Bot2":{"border":0.3262288767114365,"corner":0.6517777287337643,"freedom":-0.1088779602922485,"table":-0.6200412361893823},"group4 - Bot4":{"border":0.908939123590607,"corner":0.4942379430804553,"freedom":0.046625866285285644,"table":-0.10600608527677635},"group0 - Bot4":{"border":0.4753698683756866,"corner":0.1876117669893922,"freedom":-0.840836451639841,"table":0.7669272354074521},"group1 - Bot4":{"border":0.23350549645358898,"corner":-0.6069758741677374,"freedom":0.9591642462507051,"table":0.11738946552403906},"group2 - Bot0":{"border":-0.548347378666675,"corner":-0.6432252881290819,"freedom":0.33814358350286855,"table":0.815361053498054},"group3 - Bot3":{"border":-0.5520113995563494,"corner":0.31204176257569993,"freedom":0.5916464876164165,"table":-0.19919703704492742},"group4 - Bot3":{"border":-0.46660176652750085,"corner":0.8506701419260345,"freedom":0.2572292165307548,"table":-0.25605786726266677},"group0 - Bot1":{"border":-0.30552917785054823,"corner":-0.5696488219603344,"freedom":-0.04547296688895863,"table":-0.3813104909864067},"group1 - Bot3":{"border":0.23179570289470863,"corner":-0.32498461726941574,"freedom":0.779502891017251,"table":0.7184826398896513},"group2 - Bot1":{"border":-0.2721606044419844,"corner":-0.4741614782524701,"freedom":-0.3911037077762676,"table":0.47651345619895347},"group3 - Bot0":{"border":0.8114655869158076,"corner":0.608160604121698,"freedom":-0.48114080986994034,"table":0.014743062208716573},"group4 - Bot2":{"border":0.5357354067443447,"corner":0.4579630607647476,"freedom":-0.2467231023151346,"table":0.5448622573117787},"group0 - Bot2":{"border":0.5926669176189341,"corner":-0.6117023459678403,"freedom":0.6311195450983222,"table":-0.8944514533552796},"group1 - Bot2":{"border":0.5700159890224354,"corner":-0.7045372266056928,"freedom":0.5402228517345704,"table":0.08451007958931567},"group2 - Bot2":{"border":0.6598255792874042,"corner":-0.8083332221639097,"freedom":-0.16007362778777634,"table":-0.5179874570645553},"group3 - Bot1":{"border":-0.9260962361379392,"corner":-0.4531212379787175,"freedom":-0.02006972024277287,"table":-0.9386358599895339},"group4 - Bot1":{"border":0.3433138292115758,"corner":-0.04154840978812069,"freedom":-0.29906302502009785,"table":-0.7374695415913035},"group4 - Bot0":{"border":0.15957263807413757,"corner":0.3617825490197255,"freedom":-0.45220358482429046,"table":0.3259163826339768},"group6 - Bot0":{"border":0.40468213199116976,"corner":0.22191141263902114,"freedom":0.9911289445665306,"table":0.1083277211812188},"group7 - Bot2":{"border":-0.8610243445412136,"corner":-0.9787821747644827,"freedom":0.21615235218017004,"table":-0.9174538200572453},"group7 - Bot3":{"border":-0.14219313299136593,"corner":0.5445161885576715,"freedom":-0.01958598773188891,"table":-0.11753403487972158},"group5 - Bot0":{"border":0.5173792974617755,"corner":-0.6920245348608676,"freedom":0.6705480011493339,"table":0.5349415331303589},"group6 - Bot2":{"border":-0.40292118381835396,"corner":0.10310856269343338,"freedom":-0.6481201684702635,"table":-0.4073741927028529},"group7 - Bot0":{"border":-0.9939484607687965,"corner":0.7410188008635432,"freedom":0.3729391684500729,"table":0.4231620185277922},"group5 - Bot1":{"border":-0.20396218906164187,"corner":0.5946137321240876,"freedom":-0.0392245276041614,"table":-0.8427800655072912},"group6 - Bot1":{"border":0.2538370215609673,"corner":-0.20137769207234846,"freedom":0.5526734985083888,"table":-0.5153707318228771},"group7 - Bot1":{"border":0.09454099826873308,"corner":-0.24221026201832685,"freedom":0.4021134024524089,"table":0.9387483933205323},"group5 - Bot2":{"border":-0.6801448876378735,"corner":-0.22972192100753808,"freedom":-0.2496430939837615,"table":0.8492794217941984},"group6 - Bot4":{"border":0.21817808545726125,"corner":-0.8288344055082535,"freedom":-0.9661427082028331,"table":0.6359161547357894},"group5 - Bot3":{"border":0.48048460447477925,"corner":-0.6432252881290819,"freedom":0.33814358350286855,"table":-0.05170183829791375},"group6 - Bot3":{"border":0.8441566874444204,"corner":0.33708520608449777,"freedom":0.950284032562263,"table":-0.7049266132327761},"group5 - Bot4":{"border":-0.7344363567526779,"corner":-0.1828006845326906,"freedom":0.7591814902585765,"table":-0.1612644015303577},"group7 - Bot4":{"border":-0.8744576164471429,"corner":-0.7782918772768128,"freedom":-0.2930296218571522,"table":-0.15015273122215245}},"finalResults":{"Bot7 - Bot1":-1.0,"Bot7 - Bot0":-1.0,"Bot6 - Bot0":1.0,"Bot6 - Bot1":1.0,"Bot7 - Bot3":1.0,"Bot7 - Bot2":1.0,"Bot6 - Bot2":1.0,"Bot5 - Bot0":1.0,"Bot5 - Bot1":-1.0,"Bot4 - Bot0":1.0,"Bot3 - Bot0":1.0,"Bot4 - Bot2":1.0,"Bot5 - Bot4":-1.0,"Bot6 - Bot7":1.0,"Bot3 - Bot1":1.0,"Bot4 - Bot1":1.0,"Bot3 - Bot2":-1.0,"Bot5 - Bot2":1.0,"Bot5 - Bot3":1.0,"Bot4 - Bot3":1.0,"Bot3 - Bot4":-1.0,"Bot6 - Bot3":-1.0,"Bot4 - Bot6":1.0,"Bot7 - Bot5":1.0,"Bot3 - Bot5":1.0,"Bot6 - Bot4":1.0,"Bot7 - Bot4":-1.0,"Bot4 - Bot5":1.0,"Bot3 - Bot6":1.0,"Bot5 - Bot6":1.0,"Bot6 - Bot5":1.0,"Bot3 - Bot7":-1.0,"Bot5 - Bot7":-1.0,"Bot4 - Bot7":-1.0,"Bot7 - Bot6":1.0,"Bot1 - Bot6":1.0,"Bot1 - Bot7":1.0,"Bot1 - Bot4":1.0,"Bot1 - Bot5":1.0,"Bot1 - Bot2":1.0,"Bot1 - Bot3":-1.0,"Bot1 - Bot0":-1.0,"Bot0 - Bot5":1.0,"Bot0 - Bot6":-1.0,"Bot0 - Bot7":1.0,"Bot2 - Bot7":1.0,"Bot0 - Bot1":-1.0,"Bot2 - Bot6":1.0,"Bot0 - Bot2":1.0,"Bot2 - Bot5":1.0,"Bot0 - Bot3":1.0,"Bot2 - Bot4":1.0,"Bot2 - Bot3":1.0,"Bot0 - Bot4":-1.0,"Bot2 - Bot1":1.0,"Bot2 - Bot0":1.0},"finalScores":{"final":"[6.0, 8.0, 8.0, 6.0, 10.0, 4.0, 7.0, 7.0]"},"groupStageResults":{"group7":{"Bot0 - Bot1":-1.0,"Bot1 - Bot4":1.0,"Bot0 - Bot2":1.0,"Bot0 - Bot3":1.0,"Bot1 - Bot2":1.0,"Bot2 - Bot4":0.5,"Bot0 - Bot4":1.0,"Bot1 - Bot3":1.0,"Bot2 - Bot3":1.0,"Bot1 - Bot0":1.0,"Bot2 - Bot1":1.0,"Bot2 - Bot0":-1.0,"Bot4 - Bot0":-1.0,"Bot3 - Bot0":-1.0,"Bot4 - Bot2":-1.0,"Bot3 - Bot1":-1.0,"Bot4 - Bot1":-1.0,"Bot3 - Bot2":-1.0,"Bot4 - Bot3":1.0,"Bot3 - Bot4":-1.0},"group4":{"Bot0 - Bot1":1.0,"Bot1 - Bot4":1.0,"Bot0 - Bot2":-1.0,"Bot0 - Bot3":1.0,"Bot1 - Bot2":-1.0,"Bot2 - Bot4":1.0,"Bot0 - Bot4":1.0,"Bot1 - Bot3":1.0,"Bot2 - Bot3":1.0,"Bot1 - Bot0":-1.0,"Bot2 - Bot1":1.0,"Bot2 - Bot0":-1.0,"Bot4 - Bot0":-1.0,"Bot3 - Bot0":-1.0,"Bot4 - Bot2":-1.0,"Bot3 - Bot1":-1.0,"Bot4 - Bot1":-1.0,"Bot3 - Bot2":-1.0,"Bot4 - Bot3":-1.0,"Bot3 - Bot4":1.0},"group3":{"Bot0 - Bot1":1.0,"Bot1 - Bot4":-1.0,"Bot0 - Bot2":1.0,"Bot0 - Bot3":1.0,"Bot1 - Bot2":-1.0,"Bot2 - Bot4":-1.0,"Bot0 - Bot4":-1.0,"Bot1 - Bot3":-1.0,"Bot2 - Bot3":1.0,"Bot1 - Bot0":-1.0,"Bot2 - Bot1":-1.0,"Bot2 - Bot0":-1.0,"Bot4 - Bot0":1.0,"Bot3 - Bot0":1.0,"Bot4 - Bot2":1.0,"Bot3 - Bot1":1.0,"Bot4 - Bot1":1.0,"Bot3 - Bot2":1.0,"Bot4 - Bot3":1.0,"Bot3 - Bot4":-1.0},"group6":{"Bot0 - Bot1":1.0,"Bot1 - Bot4":-1.0,"Bot0 - Bot2":1.0,"Bot0 - Bot3":1.0,"Bot1 - Bot2":-1.0,"Bot2 - Bot4":-1.0,"Bot0 - Bot4":1.0,"Bot1 - Bot3":1.0,"Bot2 - Bot3":1.0,"Bot1 - Bot0":-1.0,"Bot2 - Bot1":-1.0,"Bot2 - Bot0":-1.0,"Bot4 - Bot0":1.0,