{"winner":{"border":-0.7975889901540101,"corner":-0.5629858986688179,"freedom":0.045915929820099066,"table":0.5553750431228104},"botsInfos":{"group1 - Bot1":{"border":0.9001871394238568,"corner":0.043468259218715444,"freedom":0.7034568706362683,"table":0.31669942388944583},"group2 - Bot3":{"border":0.5876333152254429,"corner":0.7745861498741571,"freedom":-0.754922446879225,"table":0.7321412617394418},"group0 - Bot0":{"border":-0.9473253032991222,"corner":0.212741368869805,"freedom":0.3634012980732666,"table":0.31397019484261257},"group1 - Bot0":{"border":-0.27974516610146716,"corner":0.45535726702287604,"freedom":-0.9838611020922607,"table":0.3201608294124456},"group2 - Bot4":{"border":-0.8047969185651687,"corner":-0.9634862499325332,"freedom":-0.09384774914165761,"table":-0.09140839932210354},"group3 - Bot4":{"border":0.564708517014028,"corner":0.3444923770901285,"freedom":0.40954186858865493,"table":-0.19934586872549898},"group0 - Bot3":{"border":0.3674632654736816,"corner":0.01606241313712986,"freedom":-0.3579853405424982,"table":-0.297909736817487},"group3 - Bot2":{"border":-0.6553799565437028,"corner":0.17538844274606213,"freedom":0.970698365464491,"table":-0.5507862008993749},"group4 - Bot4":{"border":0.2797381935551966,"corner":-0.1296342286996146,"freedom":0.1161571756338371,"table":0.4401376092181839},"group0 - Bot4":{"border":0.4099206229366179,"corner":-0.21006765493544277,"freedom":-0.9230636914053878,"table":-0.6707514953397231},"group1 - Bot4":{"border":-0.3958204786126587,"corner":-0.5310338835837729,"freedom":0.11226544313873532,"table":-0.6347391206960831},"group2 - Bot0":{"border":0.7515282925308433,"corner":0.06728782680375645,"freedom":-0.028861297193129243,"table":0.8168207657733184},"group3 - Bot3":{"border":-0.9439072194220939,"corner":0.11552257363026386,"freedom":0.014239981997162587,"table":0.9063099776015777},"group4 - Bot3":{"border":0.5163066374225671,"corner":0.5396650577285662,"freedom":-0.6287981064425423,"table":0.6859001208955695},"group0 - Bot1":{"border":-0.7975889901540101,"corner":-0.5629858986688179,"freedom":0.045915929820099066,"table":0.5553750431228104},"group1 - Bot3":{"border":-0.8610243445412136,"corner":-0.9787821747644827,"freedom":0.21615235218017004,"table":0.5824054983065732},"group2 - Bot1":{"border":-0.548347378666675,"corner":-0.6432252881290819,"freedom":0.33814358350286855,"table":0.815361053498054},"group3 - Bot0":{"border":-0.9990982454223694,"corner":0.11552257363026386,"freedom":0.014239981997162587,"table":0.9063099776015777},"group4 - Bot2":{"border":0.15957263807413757,"corner":0.3617825490197255,"freedom":-0.45220358482429046,"table":0.3259163826339768},"group0 - Bot2":{"border":-0.3907268300724298,"corner":0.90817207449215,"freedom":-0.5122253620305726,"table":0.5132652163721902},"group1 - Bot2":{"border":0.3774179439340919,"corner":-0.030595417575874695,"freedom":0.3010785361150119,"table":-0.6460807271045741},"group2 - Bot2":{"border":0.5539264979826302,"corner":-0.5156724360460341,"freedom":0.21751348394705783,"table":-0.7260004965744786},"group3 - Bot1":{"border":0.8114655869158076,"corner":0.608160604121698,"freedom":-0.48114080986994034,"table":0.014743062208716573},"group4 - Bot1":{"border":0.06925906785649816,"corner":0.7990708584923951,"freedom":0.5566226028079431,"table":0.5702499189528143},"group4 - Bot0":{"border":-0.17982914216870727,"corner":0.3248096175341435,"freedom":-0.8524153828053471,"table":0.18566805651290363},"group6 - Bot0":{"border":-0.08147346338729688,"corner":0.5552815657895089,"freedom":-0.04686118000384143,"table":0.20546770948608706},"group7 - Bot2":{"border":0.1960797382593995,"corner":0.7539492205209528,"freedom":0.4961235728794653,"table":0.12665031050858833},"group7 - Bot3":{"border":-0.7177229227802422,"corner":-0.3343799685083886,"freedom":0.05810569052205494,"table":-0.5415238347662881},"group5 - Bot0":{"border":-0.38265479782669254,"corner":-0.578707328702627,"freedom":0.23873187396887663,"table":0.1815017702550581},"group6 - Bot2":{"border":0.09673778988829573,"corner":0.8276140592203352,"freedom":0.3525385413225799,"table":0.8424080623389703},"group7 - Bot0":{"border":-0.9939484607687965,"corner":0.7410188008635432,"freedom":0.3729391684500729,"table":0.4231620185277922},"group5 - Bot1":{"border":0.5173792974617755,"corner":-0.6920245348608676,"freedom":0.6705480011493339,"table":0.5349415331303589},"group6 - Bot1":{"border":0.40468213199116976,"corner":0.22191141263902114,"freedom":0.9911289445665306,"table":0.1083277211812188},"group7 - Bot1":{"border":-0.4016274245620728,"corner":-0.8683296512541767,"freedom":0.8814604540626665,"table":-0.5209896068506157},"group5 - Bot2":{"border":-0.9446126339084815,"corner":0.4510897821582356,"freedom":-0.20782914264883523,"table":-0.5388274058608662},"group6 - Bot4":{"border":0.9287270777231615,"corner":-0.057765868060139836,"freedom":0.23134597544966673,"table":0.8163997252217923},"group5 - Bot3":{"border":-0.6948692583230032,"corner":0.6175437278890232,"freedom":-0.748409255397279,"table":-0.6098386225443255},"group6 - Bot3":{"border":-0.5519602298107342,"corner":-0.9336613479739082,"freedom":0.5111268934296831,"table":-0.7711278689841667},"group5 - Bot4":{"border":0.0941878340416058,"corner":0.2776348080041242,"freedom":0.7888969501915981,"table":-0.804209956244329},"group7 - Bot4":{"border":-0.9990982454223694,"corner":0.20420291824971581,"freedom":0.014239981997162587,"table":0.9063099776015777}},"finalResults":{"Bot7 - Bot1":-1.0,"Bot6 - Bot0":-1.0,"Bot7 - Bot0":-1.0,"Bot6 - Bot1":-1.0,"Bot7 - Bot3":1.0,"Bot6 - Bot2":1.0,"Bot7 - Bot2":-1.0,"Bot5 - Bot0":-1.0,"Bot5 - Bot1":1.0,"Bot4 - Bot0":1.0,"Bot3 - Bot0":-1.0,"Bot4 - Bot2":1.0,"Bot5 - Bot4":-1.0,"Bot6 - Bot7":-1.0,"Bot4 - Bot1":-1.0,"Bot3 - Bot1":-1.0,"Bot3 - Bot2":-1.0,"Bot5 - Bot2":1.0,"Bot4 - Bot3":1.0,"Bot5 - Bot3":-1.0,"Bot6 - Bot3":-1.0,"Bot3 - Bot4":1.0,"Bot7 - Bot5":-1.0,"Bot4 - Bot6":-1.0,"Bot6 - Bot4":1.0,"Bot3 - Bot5":-1.0,"Bot7 - Bot4":-1.0,"Bot4 - Bot5":-1.0,"Bot6 - Bot5":-1.0,"Bot3 - Bot6":-1.0,"Bot5 - Bot6":-1.0,"Bot3 - Bot7":-1.0,"Bot4 - Bot7":-1.0,"Bot7 - Bot6":1.0,"Bot5 - Bot7":1.0,"Bot1 - Bot6":-1.0,"Bot1 - Bot7":1.0,"Bot1 - Bot4":1.0,"Bot1 - Bot5":-1.0,"Bot1 - Bot2":1.0,"Bot1 - Bot3":-1.0,"Bot1 - Bot0":-1.0,"Bot0 - Bot5":1.0,"Bot0 - Bot6":-1.0,"Bot0 - Bot7":1.0,"Bot2 - Bot7":-1.0,"Bot0 - Bot1":0.5,"Bot2 - Bot6":1.0,"Bot0 - Bot2":1.0,"Bot2 - Bot5":1.0,"Bot0 - Bot3":1.0,"Bot2 - Bot4":-1.0,"Bot2 - Bot3":1.0,"Bot0 - Bot4":1.0,"Bot2 - Bot1":-1.0,"Bot2 - Bot0":-1.0},"finalScores":{"final":"[11.5, 8.5, 5.0, 4.0, 6.0, 8.0, 7.0, 6.0]"},"groupStageResults":{"group7":{"Bot0 - Bot1":1.0,"Bot1 - Bot4":-1.0,"Bot0 - Bot2":1.0,"Bot0 - Bot3":1.0,"Bot1 - Bot2":-1.0,"Bot2 - Bot4":-1.0,"Bot0 - Bot4":1.0,"Bot1 - Bot3":1.0,"Bot2 - Bot3":1.0,"Bot1 - Bot0":1.0,"Bot2 - Bot1":1.0,"Bot2 - Bot0":-1.0,"Bot4 - Bot0":1.0,"Bot3 - Bot0":-1.0,"Bot4 - Bot2":-1.0,"Bot3 - Bot1":-1.0,"Bot4 - Bot1":1.0,"Bot3 - Bot2":-1.0,"Bot4 - Bot3":-1.0,"Bot3 - Bot4":1.0},"group4":{"Bot0 - Bot1":-1.0,"Bot1 - Bot4":-1.0,"Bot0 - Bot2":-1.0,"Bot0 - Bot3":-1.0,"Bot1 - Bot2":-1.0,"Bot2 - Bot4":1.0,"Bot0 - Bot4":1.0,"Bot1 - Bot3":1.0,"Bot2 - Bot3":0.5,"Bot1 - Bot0":1.0,"Bot2 - Bot1":1.0,"Bot2 - Bot0":1.0,"Bot4 - Bot0":-1.0,"Bot3 - Bot0":1.0,"Bot4 - Bot2":-1.0,"Bot3 - Bot1":1.0,"Bot4 - Bot1":-1.0,"Bot3 - Bot2":-1.0,"Bot4 - Bot3":-1.0,"Bot3 - Bot4":1.0},"group3":{"Bot0 - Bot1":-1.0,"Bot1 - Bot4":1.0,"Bot0 - Bot2":1.0,"Bot0 - Bot3":-1.0,"Bot1 - Bot2":1.0,"Bot2 - Bot4":-1.0,"Bot0 - Bot4":1.0,"Bot1 - Bot3":-1.0,"Bot2 - Bot3":-1.0,"Bot1 - Bot0":1.0,"Bot2 - Bot1":-1.0,"Bot2 - Bot0":-1.0,"Bot4 - Bot0":1.0,"Bot3 - Bot0":-1.0,"Bot4 - Bot2":-1.0,"Bot3 - Bot1":-1.0,"Bot4 - Bot1":-1.0,"Bot3 - Bot2":1.0,"Bot4 - Bot3":-1.0,"Bot3 - Bot4":1.0},"group6":{"Bot0 - Bot1":-1.0,"Bot1 - Bot4":0.5,"Bot0 - Bot2":1.0,"Bot0 - Bot3":1.0,"Bot1 - Bot2":1.0,"Bot2 - Bot4":1.0,"Bot0 - Bot4":1.0,"Bot1 - Bot3":1.0,"Bot2 - Bot3":1.0,"Bot1 - Bot0":1.0,"Bot2 - Bot1":-1.0,"Bot2 - Bot0":-1.0,"Bot4 - Bot0":-1.0,