{"winner":{"border":0.7383219701664174,"corner":0.7736300406925383,"freedom":0.01642995063772168,"table":0.524845606346078},"botsInfos":{"group1 - Bot1":{"border":-0.11652693951152071,"corner":0.7677946379123628,"freedom":-0.16462718622946704,"table":-0.6407294688345713},"group2 - Bot3":{"border":0.3035783256432114,"corner":0.20572819023286537,"freedom":0.5265131530378311,"table":0.0807920517424614},"group0 - Bot0":{"border":0.7108798142706787,"corner":-0.8177743655982586,"freedom":-0.8569845349226228,"table":0.8599839454960041},"group1 - Bot0":{"border":0.3277832806821446,"corner":0.9684150591667156,"freedom":0.6191719819290822,"table":0.006687509379424528},"group2 - Bot4":{"border":-0.6018339096147352,"corner":-0.3395938870733406,"freedom":-0.8506325036711606,"table":0.6561438375851112},"group3 - Bot4":{"border":0.19633694108410182,"corner":-0.9602649850387153,"freedom":-0.5473383590112337,"table":0.8663846050432633},"group0 - Bot3":{"border":0.18490178855278394,"corner":0.09379867604999514,"freedom":0.13945082783115637,"table":-0.7609416585284383},"group3 - Bot2":{"border":-0.33551704216944467,"corner":0.8817701165609131,"freedom":0.4361781286770565,"table":-0.7070642951957737},"group4 - Bot4":{"border":0.9865367586514233,"corner":0.6180281425619514,"freedom":0.46975822617641083,"table":0.24141728409806817},"group0 - Bot4":{"border":-0.43872224460504583,"corner":-0.677359887120351,"freedom":-0.021608105167280733,"table":-0.4402683898405233},"group1 - Bot4":{"border":-0.6029784234167492,"corner":-0.09296172305399364,"freedom":-0.437876318422054,"table":-0.04818495086375574},"group2 - Bot0":{"border":0.17696718012793822,"corner":0.1271788536010734,"freedom":-0.007974605359103215,"table":0.05348666178471828},"group3 - Bot3":{"border":-0.08303814629296125,"corner":0.10123770096166296,"freedom":-0.2937445193597372,"table":0.3606022013189114},"group4 - Bot3":{"border":0.18359810476523708,"corner":0.3900705271242124,"freedom":0.19277626601147313,"table":0.4123966798885763},"group0 - Bot1":{"border":0.6009357685133643,"corner":-0.026952830241822046,"freedom":0.4905917312810215,"table":0.8336402187337038},"group1 - Bot3":{"border":0.19479821079472304,"corner":0.2235062629516651,"freedom":0.7697724351715354,"table":0.8694099635687118},"group2 - Bot1":{"border":0.0889754653083421,"corner":0.5541475139118668,"freedom":-0.3344073744196534,"table":0.37723394126041443},"group3 - Bot0":{"border":0.8851967114412169,"corner":-0.12609669815448177,"freedom":-0.5618557107764992,"table":0.6740281527895609},"group4 - Bot2":{"border":-0.6790618072379391,"corner":0.0043279903117996454,"freedom":-0.6729449460454455,"table":0.18440534558070576},"group0 - Bot2":{"border":-0.49201907026301117,"corner":0.8937302086993557,"freedom":0.8899806961052263,"table":-0.8609232159780911},"group1 - Bot2":{"border":0.4949336216085183,"corner":0.5798077230541301,"freedom":0.9625790075241405,"table":0.9699623611259267},"group2 - Bot2":{"border":0.7803999651856255,"corner":0.8711917163979259,"freedom":0.6117726562958974,"table":-0.7914344716411421},"group3 - Bot1":{"border":0.7383219701664174,"corner":0.7736300406925383,"freedom":0.01642995063772168,"table":-0.24632677372874268},"group4 - Bot1":{"border":-0.7380652354346862,"corner":0.06484424497043051,"freedom":-0.5960230000676134,"table":-0.9148629464895581},"group4 - Bot0":{"border":0.7108798142706787,"corner":-0.8177743655982586,"freedom":-0.5902484727796331,"table":0.8599839454960041},"group6 - Bot0":{"border":0.7383219701664174,"corner":0.7736300406925383,"freedom":0.01642995063772168,"table":0.524845606346078},"group7 - Bot2":{"border":-0.9270364024574251,"corner":-0.6914076950596579,"freedom":-0.05980379646354783,"table":0.40936974226961476},"group7 - Bot3":{"border":-0.2959097100560706,"corner":0.9722340496532398,"freedom":0.1914808011122202,"table":0.8235071068576727},"group5 - Bot0":{"border":0.6009357685133643,"corner":-0.30101717065922484,"freedom":-0.8717846037244821,"table":0.3775423849414279},"group6 - Bot2":{"border":-0.2932715638602381,"corner":0.6374585408265172,"freedom":-0.035255425181536904,"table":-0.6545770502899069},"group7 - Bot0":{"border":0.8623426857469443,"corner":0.8836954887971618,"freedom":-0.5484089642311833,"table":0.8475880075585764},"group5 - Bot1":{"border":0.7477150289544152,"corner":-0.13024385950696016,"freedom":-0.9427105066684782,"table":-0.9531646595491936},"group6 - Bot1":{"border":0.6542779429476091,"corner":0.18807130207540723,"freedom":0.37895020748853714,"table":0.699000056405658},"group7 - Bot1":{"border":-0.3524906547424971,"corner":-0.2845984237182022,"freedom":-0.08192126477067574,"table":-0.5610310711068969},"group5 - Bot2":{"border":-0.668029174290536,"corner":0.7374283492873555,"freedom":0.835196921008575,"table":0.31128462043650873},"group6 - Bot4":{"border":0.28641061978356075,"corner":-0.7170701414085392,"freedom":0.3429850076243366,"table":0.37062233397147937},"group5 - Bot3":{"border":-0.40939098548716557,"corner":-0.4600115483805516,"freedom":0.569083216997275,"table":0.9168943502245401},"group6 - Bot3":{"border":-0.08439110590168242,"corner":0.16687623117662032,"freedom":0.899315863283787,"table":0.5252109388410706},"group5 - Bot4":{"border":0.7108798142706787,"corner":-0.8177743655982586,"freedom":-0.5902484727796331,"table":-0.5541088513529866},"group7 - Bot4":{"border":-0.9362513522352771,"corner":-0.5108275573995364,"freedom":0.5327667047767233,"table":-0.16527824122788282}},"finalResults":{"Bot7 - Bot1":-1.0,"Bot7 - Bot0":1.0,"Bot6 - Bot0":1.0,"Bot6 - Bot1":1.0,"Bot7 - Bot3":1.0,"Bot7 - Bot2":-1.0,"Bot6 - Bot2":-1.0,"Bot5 - Bot0":-1.0,"Bot5 - Bot1":-1.0,"Bot4 - Bot0":1.0,"Bot3 - Bot0":1.0,"Bot4 - Bot2":-1.0,"Bot5 - Bot4":-1.0,"Bot6 - Bot7":1.0,"Bot3 - Bot1":1.0,"Bot4 - Bot1":-1.0,"Bot3 - Bot2":1.0,"Bot5 - Bot2":-1.0,"Bot4 - Bot3":1.0,"Bot5 - Bot3":1.0,"Bot3 - Bot4":1.0,"Bot6 - Bot3":1.0,"Bot4 - Bot6":1.0,"Bot7 - Bot5":-1.0,"Bot4 - Bot5":1.0,"Bot3 - Bot5":-1.0,"Bot7 - Bot4":1.0,"Bot6 - Bot4":1.0,"Bot3 - Bot6":-1.0,"Bot5 - Bot6":-1.0,"Bot6 - Bot5":1.0,"Bot7 - Bot6":-1.0,"Bot3 - Bot7":1.0,"Bot4 - Bot7":-1.0,"Bot5 - Bot7":1.0,"Bot1 - Bot6":1.0,"Bot1 - Bot7":1.0,"Bot1 - Bot4":1.0,"Bot1 - Bot5":-1.0,"Bot1 - Bot2":-1.0,"Bot1 - Bot3":1.0,"Bot1 - Bot0":-1.0,"Bot0 - Bot5":1.0,"Bot0 - Bot6":1.0,"Bot0 - Bot7":1.0,"Bot2 - Bot7":-1.0,"Bot0 - Bot1":1.0,"Bot2 - Bot6":-1.0,"Bot0 - Bot2":-1.0,"Bot2 - Bot5":1.0,"Bot0 - Bot3":0.5,"Bot2 - Bot4":1.0,"Bot2 - Bot3":-1.0,"Bot0 - Bot4":1.0,"Bot2 - Bot1":1.0,"Bot2 - Bot0":-1.0},"finalScores":{"final":"[8.5, 7.0, 9.0, 6.5, 5.0, 5.0, 10.0, 5.0]"},"groupStageResults":{"group7":{"Bot0 - Bot1":1.0,"Bot1 - Bot4":1.0,"Bot0 - Bot2":1.0,"Bot0 - Bot3":0.5,"Bot1 - Bot2":1.0,"Bot2 - Bot4":1.0,"Bot0 - Bot4":1.0,"Bot1 - Bot3":1.0,"Bot2 - Bot3":-1.0,"Bot1 - Bot0":-1.0,"Bot2 - Bot1":-1.0,"Bot2 - Bot0":1.0,"Bot4 - Bot0":-1.0,"Bot3 - Bot0":-1.0,"Bot4 - Bot2":1.0,"Bot3 - Bot1":1.0,"Bot4 - Bot1":1.0,"Bot3 - Bot2":-1.0,"Bot4 - Bot3":1.0,"Bot3 - Bot4":1.0},"group4":{"Bot0 - Bot1":1.0,"Bot1 - Bot4":1.0,"Bot0 - Bot2":1.0,"Bot0 - Bot3":1.0,"Bot1 - Bot2":1.0,"Bot2 - Bot4":-1.0,"Bot0 - Bot4":1.0,"Bot1 - Bot3":-1.0,"Bot2 - Bot3":1.0,"Bot1 - Bot0":-1.0,"Bot2 - Bot1":1.0,"Bot2 - Bot0":1.0,"Bot4 - Bot0":1.0,"Bot3 - Bot0":-1.0,"Bot4 - Bot2":1.0,"Bot3 - Bot1":1.0,"Bot4 - Bot1":1.0,"Bot3 - Bot2":1.0,"Bot4 - Bot3":-1.0,"Bot3 - Bot4":-1.0},"group3":{"Bot0 - Bot1":1.0,"Bot1 - Bot4":-1.0,"Bot0 - Bot2":1.0,"Bot0 - Bot3":1.0,"Bot1 - Bot2":-1.0,"Bot2 - Bot4":-1.0,"Bot0 - Bot4":-1.0,"Bot1 - Bot3":1.0,"Bot2 - Bot3":1.0,"Bot1 - Bot0":-1.0,"Bot2 - Bot1":1.0,"Bot2 - Bot0":1.0,"Bot4 - Bot0":1.0,"Bot3 - Bot0":-1.0,"Bot4 - Bot2":1.0,"Bot3 - Bot1":1.0,"Bot4 - Bot1":1.0,"Bot3 - Bot2":-1.0,"Bot4 - Bot3":1.0,"Bot3 - Bot4":1.0},"group6":{"Bot0 - Bot1":1.0,"Bot1 - Bot4":-1.0,"Bot0 - Bot2":1.0,"Bot0 - Bot3":1.0,"Bot1 - Bot2":1.0,"Bot2 - Bot4":0.5,"Bot0 - Bot4":1.0,"Bot1 - Bot3":-1.0,"Bot2 - Bot3":1.0,"Bot1 - Bot0":1.0,"Bot2 - Bot1":-1.0,"Bot2 - Bot0":-1.0,"Bot4 - Bot0":-1.0,"Bot3 - Bot0":1.0,