{"winner":{"border":0.7515282925308433,"corner":0.06728782680375645,"freedom":-0.028861297193129243,"table":0.8168207657733184},"botsInfos":{"group1 - Bot1":{"border":0.03265002878261236,"corner":-0.5263960637632501,"freedom":-0.5364547917041287,"table":-0.27961134679906086},"group2 - Bot3":{"border":-0.39285509932782925,"corner":-0.37913418456238834,"freedom":0.8468891503947458,"table":-0.8843045900829027},"group0 - Bot0":{"border":-0.6285004781024057,"corner":0.212741368869805,"freedom":0.3634012980732666,"table":0.31397019484261257},"group1 - Bot0":{"border":-0.27974516610146716,"corner":0.45535726702287604,"freedom":-0.9838611020922607,"table":0.3201608294124456},"group2 - Bot4":{"border":-0.2770399218492663,"corner":0.16339283572635765,"freedom":0.8007191862358793,"table":-0.21135438407578988},"group3 - Bot4":{"border":-0.16362067045342532,"corner":-0.19740319593174482,"freedom":-0.07909759825597384,"table":-0.4944259624356151},"group0 - Bot3":{"border":-0.6285004781024057,"corner":0.212741368869805,"freedom":0.3634012980732666,"table":0.3664101312778181},"group3 - Bot2":{"border":0.13418097703633758,"corner":0.35573052376709424,"freedom":0.48689671843053595,"table":0.5653450854480737},"group4 - Bot4":{"border":0.289419798239962,"corner":0.11102614607648653,"freedom":0.5389239722202379,"table":0.6234578310985508},"group0 - Bot4":{"border":-0.027108328706427987,"corner":-0.14513585145229846,"freedom":0.36252310770748797,"table":0.5125796329601564},"group1 - Bot4":{"border":0.8053759699670016,"corner":0.7158023544282586,"freedom":-0.11257977245957007,"table":0.2886564393151647},"group2 - Bot0":{"border":0.7515282925308433,"corner":0.06728782680375645,"freedom":-0.028861297193129243,"table":0.8168207657733184},"group3 - Bot3":{"border":0.9381676075239123,"corner":-0.35843448724198046,"freedom":0.8759724444119139,"table":-0.020567030910535467},"group4 - Bot3":{"border":0.21768081512269832,"corner":0.9046762919107214,"freedom":0.06265559634497153,"table":-0.27415845909410397},"group0 - Bot1":{"border":0.8066896337451523,"corner":-0.2683587414124533,"freedom":-0.08828120751029478,"table":-0.7724210292369},"group1 - Bot3":{"border":0.7531337845165056,"corner":-0.8593844731416411,"freedom":0.22069442925038607,"table":0.5912923899570797},"group2 - Bot1":{"border":-0.3323422270861125,"corner":0.18488154718319438,"freedom":0.5563786367598023,"table":0.19915357405844647},"group3 - Bot0":{"border":-0.9990982454223694,"corner":0.11552257363026386,"freedom":0.014239981997162587,"table":0.9063099776015777},"group4 - Bot2":{"border":-0.6103901657758066,"corner":-0.14844994936580425,"freedom":0.8757454921853745,"table":0.5485250055408022},"group0 - Bot2":{"border":-0.9473253032991222,"corner":0.212741368869805,"freedom":0.3634012980732666,"table":0.31397019484261257},"group1 - Bot2":{"border":0.8759741105714509,"corner":0.7935241336233487,"freedom":-0.4227201357689312,"table":-0.14472002900613123},"group2 - Bot2":{"border":-0.8000767120913062,"corner":-0.5881405309088992,"freedom":0.21402214978942724,"table":0.412812183530594},"group3 - Bot1":{"border":0.3733336247516925,"corner":0.3526875457002534,"freedom":-0.3510196901869229,"table":-0.4239223565914101},"group4 - Bot1":{"border":-0.4691886814749764,"corner":0.34626265267928713,"freedom":-0.8949886424511866,"table":0.7163520500109068},"group4 - Bot0":{"border":0.20047357469810856,"corner":-0.2474345810324654,"freedom":-0.4503417871521116,"table":0.774277920488792},"group6 - Bot0":{"border":-0.08147346338729688,"corner":0.5552815657895089,"freedom":-0.04686118000384143,"table":0.20546770948608706},"group7 - Bot2":{"border":-0.3987791150011881,"corner":0.9231982923835336,"freedom":0.32107812985894046,"table":-0.8939179151833301},"group7 - Bot3":{"border":-0.9939484607687965,"corner":0.7410188008635432,"freedom":0.3729391684500729,"table":0.4231620185277922},"group5 - Bot0":{"border":-0.38265479782669254,"corner":-0.578707328702627,"freedom":0.23873187396887663,"table":0.1815017702550581},"group6 - Bot2":{"border":0.3631952602550139,"corner":0.30877265977024315,"freedom":0.17084921411388043,"table":0.48180995853039255},"group7 - Bot0":{"border":0.2531847871950035,"corner":-0.9046216879683107,"freedom":0.38764492131347295,"table":0.00447780692597477},"group5 - Bot1":{"border":0.3779488777593052,"corner":-0.578707328702627,"freedom":0.23873187396887663,"table":0.1815017702550581},"group6 - Bot1":{"border":0.191688599038214,"corner":0.3101632957980076,"freedom":-0.5028558737586475,"table":0.15643975619806794},"group7 - Bot1":{"border":-0.28529849064416957,"corner":0.1275953348230603,"freedom":0.6651692333024894,"table":0.22650112041963233},"group5 - Bot2":{"border":0.3756038394596337,"corner":-0.34313852195235284,"freedom":-0.3446705583243508,"table":0.16872546393305177},"group6 - Bot4":{"border":-0.8243173428799371,"corner":0.1181009374981361,"freedom":-0.3786684202389934,"table":-0.5111268156703717},"group5 - Bot3":{"border":0.6037888152578315,"corner":0.48830704351477405,"freedom":-0.43982736896082075,"table":-0.4870874056612491},"group6 - Bot3":{"border":0.6962427430980447,"corner":-0.8001188438674987,"freedom":0.8724874571424037,"table":0.8869175216421559},"group5 - Bot4":{"border":-0.9935589146279142,"corner":0.3209699707057423,"freedom":-0.7875116620100819,"table":-0.476922132288915},"group7 - Bot4":{"border":-0.4024396653306146,"corner":0.039780693479751106,"freedom":0.790897951180686,"table":0.5391985042320879}},"finalResults":{"Bot7 - Bot1":1.0,"Bot6 - Bot0":1.0,"Bot7 - Bot0":-1.0,"Bot6 - Bot1":1.0,"Bot7 - Bot3":-1.0,"Bot7 - Bot2":-1.0,"Bot6 - Bot2":-1.0,"Bot5 - Bot0":-1.0,"Bot5 - Bot1":-1.0,"Bot4 - Bot0":-1.0,"Bot3 - Bot0":1.0,"Bot4 - Bot2":-1.0,"Bot5 - Bot4":1.0,"Bot6 - Bot7":1.0,"Bot4 - Bot1":-1.0,"Bot3 - Bot1":1.0,"Bot5 - Bot2":-1.0,"Bot3 - Bot2":1.0,"Bot4 - Bot3":-1.0,"Bot5 - Bot3":-1.0,"Bot6 - Bot3":-1.0,"Bot3 - Bot4":1.0,"Bot4 - Bot6":-1.0,"Bot7 - Bot5":-1.0,"Bot6 - Bot4":1.0,"Bot4 - Bot5":0.5,"Bot3 - Bot5":-1.0,"Bot7 - Bot4":1.0,"Bot6 - Bot5":1.0,"Bot5 - Bot6":0.5,"Bot3 - Bot6":1.0,"Bot5 - Bot7":1.0,"Bot4 - Bot7":1.0,"Bot3 - Bot7":1.0,"Bot7 - Bot6":-1.0,"Bot1 - Bot6":1.0,"Bot1 - Bot7":-1.0,"Bot1 - Bot4":1.0,"Bot1 - Bot5":1.0,"Bot1 - Bot2":-1.0,"Bot1 - Bot3":-1.0,"Bot1 - Bot0":1.0,"Bot0 - Bot5":1.0,"Bot0 - Bot6":-1.0,"Bot0 - Bot7":-1.0,"Bot2 - Bot7":1.0,"Bot0 - Bot1":1.0,"Bot2 - Bot6":1.0,"Bot0 - Bot2":-1.0,"Bot2 - Bot5":1.0,"Bot0 - Bot3":-1.0,"Bot2 - Bot4":1.0,"Bot2 - Bot3":1.0,"Bot0 - Bot4":-1.0,"Bot2 - Bot1":-1.0,"Bot2 - Bot0":1.0},"finalScores":{"final":"[5.0, 7.0, 12.0, 12.0, 2.5, 5.0, 8.5, 4.0]"},"groupStageResults":{"group7":{"Bot0 - Bot1":1.0,"Bot1 - Bot4":1.0,"Bot0 - Bot2":1.0,"Bot0 - Bot3":-1.0,"Bot1 - Bot2":1.0,"Bot2 - Bot4":-1.0,"Bot0 - Bot4":1.0,"Bot1 - Bot3":-1.0,"Bot2 - Bot3":-1.0,"Bot1 - Bot0":1.0,"Bot2 - Bot1":-1.0,"Bot2 - Bot0":1.0,"Bot4 - Bot0":-1.0,"Bot3 - Bot0":1.0,"Bot4 - Bot2":1.0,"Bot3 - Bot1":1.0,"Bot4 - Bot1":-1.0,"Bot3 - Bot2":1.0,"Bot4 - Bot3":1.0,"Bot3 - Bot4":-1.0},"group4":{"Bot0 - Bot1":1.0,"Bot1 - Bot4":-1.0,"Bot0 - Bot2":-1.0,"Bot0 - Bot3":1.0,"Bot1 - Bot2":-1.0,"Bot2 - Bot4":-1.0,"Bot0 - Bot4":1.0,"Bot1 - Bot3":1.0,"Bot2 - Bot3":1.0,"Bot1 - Bot0":1.0,"Bot2 - Bot1":1.0,"Bot2 - Bot0":-1.0,"Bot4 - Bot0":1.0,"Bot3 - Bot0":-1.0,"Bot4 - Bot2":-1.0,"Bot3 - Bot1":-1.0,"Bot4 - Bot1":-1.0,"Bot3 - Bot2":-1.0,"Bot4 - Bot3":1.0,"Bot3 - Bot4":-1.0},"group3":{"Bot0 - Bot1":1.0,"Bot1 - Bot4":-1.0,"Bot0 - Bot2":-1.0,"Bot0 - Bot3":1.0,"Bot1 - Bot2":1.0,"Bot2 - Bot4":1.0,"Bot0 - Bot4":1.0,"Bot1 - Bot3":-1.0,"Bot2 - Bot3":1.0,"Bot1 - Bot0":1.0,"Bot2 - Bot1":1.0,"Bot2 - Bot0":-1.0,"Bot4 - Bot0":-1.0,"Bot3 - Bot0":-1.0,"Bot4 - Bot2":-1.0,"Bot3 - Bot1":-1.0,"Bot4 - Bot1":1.0,"Bot3 - Bot2":-1.0,"Bot4 - Bot3":-1.0,"Bot3 - Bot4":-1.0},"group6":{"Bot0 - Bot1":1.0,"Bot1 - Bot4":1.0,"Bot0 - Bot2":1.0,"Bot0 - Bot3":1.0,"Bot1 - Bot2":0.5,"Bot2 - Bot4":1.0,"Bot0 - Bot4":1.0,"Bot1 - Bot3":1.0,"Bot2 - Bot3":1.0,"Bot1 - Bot0":1.0,"Bot2 - Bot1":-1.0,"Bot2 - Bot0":1.0,"Bot4 - Bot0":-1.0,