{"winner":{"border":0.36484587181596306,"corner":-0.692993849284373,"freedom":-0.8619494787005622,"table":0.9060953224298929},"botsInfos":{"group1 - Bot1":{"border":-0.4745331256013834,"corner":-0.00697513757204149,"freedom":0.4832611344777309,"table":-0.5904345372875799},"group2 - Bot3":{"border":-0.855858297090182,"corner":0.1650297477173559,"freedom":-0.2706055554442901,"table":0.6903578005235438},"group0 - Bot0":{"border":-0.8526781345473058,"corner":-0.12246389278790959,"freedom":0.827225190417326,"table":0.2552261660390025},"group1 - Bot0":{"border":-0.5776099633507392,"corner":0.15256854734167224,"freedom":0.47272783728418166,"table":0.10793233915541434},"group2 - Bot4":{"border":0.4398177446952496,"corner":-0.9928852420251799,"freedom":-0.5340468327698551,"table":0.5465066331845017},"group3 - Bot4":{"border":0.9846705412997157,"corner":0.30031204110543785,"freedom":0.11888698820951804,"table":0.24023372307913737},"group0 - Bot3":{"border":-0.16126175051862712,"corner":-0.35974298979377317,"freedom":0.06804370592166564,"table":0.4327823413409886},"group3 - Bot2":{"border":0.806318470931602,"corner":0.021236256351092164,"freedom":-0.0809301826878801,"table":0.5565310751158696},"group4 - Bot4":{"border":0.2599834459742787,"corner":0.604114746719292,"freedom":-0.310955431074476,"table":0.3303341036829619},"group0 - Bot4":{"border":0.4398177446952496,"corner":0.8351192130859173,"freedom":-0.5891829116076042,"table":0.5465066331845017},"group1 - Bot4":{"border":-0.5916504653008754,"corner":0.846328016601201,"freedom":-0.17613123077936965,"table":0.2135109311056842},"group2 - Bot0":{"border":-0.9791511454675952,"corner":0.2525137720802757,"freedom":0.13579381979332017,"table":0.26329066633651577},"group3 - Bot3":{"border":0.45166627434467777,"corner":0.7198266261085473,"freedom":-0.20304213858005937,"table":0.7643564949567196},"group4 - Bot3":{"border":-0.8526781345473058,"corner":0.5848108505872196,"freedom":0.827225190417326,"table":0.2552261660390025},"group0 - Bot1":{"border":-0.632068480971004,"corner":0.7730727559325317,"freedom":0.4670127019066117,"table":-0.4359018401884449},"group1 - Bot3":{"border":0.9739769041173574,"corner":0.4752325156128179,"freedom":-0.33920289949799654,"table":-0.5999857233943477},"group2 - Bot1":{"border":0.08876658636623946,"corner":0.8002836176546839,"freedom":-0.5335025553231494,"table":-0.49797498002982366},"group3 - Bot0":{"border":0.4398177446952496,"corner":0.8351192130859173,"freedom":-0.5340468327698551,"table":0.5465066331845017},"group4 - Bot2":{"border":-0.3294231690583638,"corner":-0.4301664879954017,"freedom":-0.9539854714815492,"table":0.42375022225762216},"group0 - Bot2":{"border":0.5481805853510815,"corner":-0.22980044125660637,"freedom":0.5801845552261322,"table":0.24560577153451724},"group1 - Bot2":{"border":0.7631938663133935,"corner":0.6194922050630447,"freedom":-0.224459518873122,"table":0.6345406577754391},"group2 - Bot2":{"border":-0.5628306450234546,"corner":-0.5635702242376439,"freedom":0.6766300401030427,"table":0.8993441379704925},"group3 - Bot1":{"border":0.8757654334222393,"corner":-0.08022968353610138,"freedom":0.5027298089733647,"table":-0.6252419911144151},"group4 - Bot1":{"border":-0.14704847061649207,"corner":-0.5037124625718883,"freedom":0.4504562246152992,"table":-0.24344048839095023},"group4 - Bot0":{"border":0.8072170349354195,"corner":-0.4120716488751992,"freedom":-0.11652428221984801,"table":0.9825022079831294},"group6 - Bot0":{"border":0.36484587181596306,"corner":-0.692993849284373,"freedom":-0.8619494787005622,"table":0.9060953224298929},"group7 - Bot2":{"border":-0.5601901572113406,"corner":0.2221560319884901,"freedom":0.9422176511727789,"table":0.8282200904140771},"group7 - Bot3":{"border":0.7493832425455156,"corner":-0.7051650219386212,"freedom":0.82838980637652,"table":-0.7005321696629785},"group5 - Bot0":{"border":0.5481805853510815,"corner":-0.22980044125660637,"freedom":-0.9865642148044815,"table":0.24560577153451724},"group6 - Bot2":{"border":0.34951447602080865,"corner":0.17453027573527047,"freedom":-0.32784988955244776,"table":-0.8469703435548193},"group7 - Bot0":{"border":-0.9871523052414806,"corner":-0.42055861747710055,"freedom":-0.5891456093375649,"table":0.19487523922421723},"group5 - Bot1":{"border":0.26699127831543445,"corner":-0.7083234622307297,"freedom":0.7558821500401471,"table":0.5656908548806787},"group6 - Bot1":{"border":0.06926485318380848,"corner":0.419976093119119,"freedom":0.3654737696525463,"table":0.4599416382030188},"group7 - Bot1":{"border":0.258201351308079,"corner":-0.7829434977069598,"freedom":-0.06967737504743643,"table":0.7314675604454832},"group5 - Bot2":{"border":0.3331436462002033,"corner":-0.40560773386290583,"freedom":-0.13641819396019406,"table":0.3094773004021645},"group6 - Bot4":{"border":0.5486699198664249,"corner":0.9497280146170302,"freedom":0.3037538511683988,"table":-0.5078935141431236},"group5 - Bot3":{"border":-0.32040754772201097,"corner":0.4193614765565621,"freedom":0.5944639428877501,"table":0.46048033518658293},"group6 - Bot3":{"border":0.9573151721528732,"corner":-0.8867008424368321,"freedom":0.04974372831820939,"table":-0.6848848580751987},"group5 - Bot4":{"border":-0.8539952653959975,"corner":-0.7273226220181368,"freedom":-0.9010424177668963,"table":-0.7689447658144803},"group7 - Bot4":{"border":-0.46449035131327565,"corner":0.29346006907857025,"freedom":0.04908901881137018,"table":-0.3983894776262693}},"finalResults":{"Bot7 - Bot1":1.0,"Bot6 - Bot0":1.0,"Bot7 - Bot0":-1.0,"Bot6 - Bot1":1.0,"Bot7 - Bot3":-1.0,"Bot6 - Bot2":1.0,"Bot7 - Bot2":1.0,"Bot5 - Bot0":1.0,"Bot5 - Bot1":1.0,"Bot4 - Bot0":1.0,"Bot3 - Bot0":1.0,"Bot4 - Bot2":1.0,"Bot5 - Bot4":1.0,"Bot6 - Bot7":-1.0,"Bot4 - Bot1":1.0,"Bot3 - Bot1":1.0,"Bot5 - Bot2":1.0,"Bot3 - Bot2":1.0,"Bot5 - Bot3":-1.0,"Bot4 - Bot3":1.0,"Bot6 - Bot3":1.0,"Bot3 - Bot4":-1.0,"Bot7 - Bot5":-1.0,"Bot4 - Bot6":-1.0,"Bot6 - Bot4":1.0,"Bot3 - Bot5":1.0,"Bot4 - Bot5":1.0,"Bot7 - Bot4":1.0,"Bot6 - Bot5":1.0,"Bot5 - Bot6":-1.0,"Bot3 - Bot6":1.0,"Bot3 - Bot7":1.0,"Bot5 - Bot7":-1.0,"Bot4 - Bot7":1.0,"Bot7 - Bot6":1.0,"Bot1 - Bot6":1.0,"Bot1 - Bot7":1.0,"Bot1 - Bot4":0.5,"Bot1 - Bot5":-1.0,"Bot1 - Bot2":1.0,"Bot1 - Bot3":1.0,"Bot1 - Bot0":1.0,"Bot0 - Bot5":1.0,"Bot0 - Bot6":-1.0,"Bot0 - Bot7":1.0,"Bot2 - Bot7":1.0,"Bot0 - Bot1":1.0,"Bot2 - Bot6":1.0,"Bot0 - Bot2":-1.0,"Bot2 - Bot5":1.0,"Bot0 - Bot3":1.0,"Bot2 - Bot4":-1.0,"Bot2 - Bot3":1.0,"Bot0 - Bot4":1.0,"Bot2 - Bot1":-1.0,"Bot2 - Bot0":1.0},"finalScores":{"final":"[6.0, 6.5, 6.0, 8.0, 8.5, 6.0, 9.0, 6.0]"},"groupStageResults":{"group7":{"Bot0 - Bot1":1.0,"Bot1 - Bot4":1.0,"Bot0 - Bot2":1.0,"Bot0 - Bot3":1.0,"Bot1 - Bot2":1.0,"Bot2 - Bot4":1.0,"Bot0 - Bot4":1.0,"Bot1 - Bot3":0.5,"Bot2 - Bot3":1.0,"Bot1 - Bot0":-1.0,"Bot2 - Bot1":-1.0,"Bot2 - Bot0":-1.0,"Bot4 - Bot0":-1.0,"Bot3 - Bot0":-1.0,"Bot4 - Bot2":-1.0,"Bot3 - Bot1":-1.0,"Bot4 - Bot1":-1.0,"Bot3 - Bot2":1.0,"Bot4 - Bot3":-1.0,"Bot3 - Bot4":1.0},"group4":{"Bot0 - Bot1":1.0,"Bot1 - Bot4":-1.0,"Bot0 - Bot2":1.0,"Bot0 - Bot3":1.0,"Bot1 - Bot2":-1.0,"Bot2 - Bot4":1.0,"Bot0 - Bot4":1.0,"Bot1 - Bot3":-1.0,"Bot2 - Bot3":1.0,"Bot1 - Bot0":1.0,"Bot2 - Bot1":1.0,"Bot2 - Bot0":-1.0,"Bot4 - Bot0":1.0,"Bot3 - Bot0":-1.0,"Bot4 - Bot2":1.0,"Bot3 - Bot1":1.0,"Bot4 - Bot1":1.0,"Bot3 - Bot2":1.0,"Bot4 - Bot3":1.0,"Bot3 - Bot4":-1.0},"group3":{"Bot0 - Bot1":1.0,"Bot1 - Bot4":0.5,"Bot0 - Bot2":1.0,"Bot0 - Bot3":1.0,"Bot1 - Bot2":1.0,"Bot2 - Bot4":-1.0,"Bot0 - Bot4":1.0,"Bot1 - Bot3":-1.0,"Bot2 - Bot3":1.0,"Bot1 - Bot0":-1.0,"Bot2 - Bot1":1.0,"Bot2 - Bot0":1.0,"Bot4 - Bot0":-1.0,"Bot3 - Bot0":1.0,"Bot4 - Bot2":-1.0,"Bot3 - Bot1":1.0,"Bot4 - Bot1":1.0,"Bot3 - Bot2":-1.0,"Bot4 - Bot3":1.0,"Bot3 - Bot4":-1.0},"group6":{"Bot0 - Bot1":1.0,"Bot1 - Bot4":1.0,"Bot0 - Bot2":1.0,"Bot0 - Bot3":1.0,"Bot1 - Bot2":1.0,"Bot2 - Bot4":-1.0,"Bot0 - Bot4":1.0,"Bot1 - Bot3":1.0,"Bot2 - Bot3":-1.0,"Bot1 - Bot0":1.0,"Bot2 - Bot1":-1.0,"Bot2 - Bot0":-1.0,"Bot4 - Bot0":-1.0,"Bot3 - Bot0":-1.0,"Bot4 - Bot2":1.0,