{"winner":{"border":0.4398177446952496,"corner":0.8351192130859173,"freedom":-0.5340468327698551,"table":0.5465066331845017},"botsInfos":{"group1 - Bot1":{"border":-0.7130384988724119,"corner":0.46929314037501224,"freedom":0.8218348299345686,"table":0.7720295368155758},"group2 - Bot3":{"border":-0.9791511454675952,"corner":0.2525137720802757,"freedom":0.13579381979332017,"table":0.26329066633651577},"group0 - Bot0":{"border":-0.8526781345473058,"corner":-0.12246389278790959,"freedom":0.827225190417326,"table":0.2552261660390025},"group1 - Bot0":{"border":-0.5776099633507392,"corner":0.15256854734167224,"freedom":0.47272783728418166,"table":0.10793233915541434},"group2 - Bot4":{"border":-0.9871523052414806,"corner":-0.42055861747710055,"freedom":-0.5891456093375649,"table":-0.6310857028285306},"group3 - Bot4":{"border":-0.5869972206762202,"corner":0.6504391268396377,"freedom":-0.3052306179424271,"table":-0.04919597999292802},"group0 - Bot3":{"border":-0.08977119810294387,"corner":-0.3137808303032985,"freedom":-0.29821915244195596,"table":0.8221277735415127},"group3 - Bot2":{"border":0.849322906025858,"corner":-0.4830758600781815,"freedom":0.21940406047279248,"table":-0.7525676567144008},"group4 - Bot4":{"border":0.3568735616061238,"corner":0.015027629138646414,"freedom":0.445150275602185,"table":0.4387528681016346},"group0 - Bot4":{"border":0.8334567574815144,"corner":-0.9925895616419627,"freedom":-0.9461014520366429,"table":-0.5540705558142585},"group1 - Bot4":{"border":-0.5403555963690347,"corner":0.3273152114351259,"freedom":-0.23633446949385428,"table":-0.5911259692154018},"group2 - Bot0":{"border":-0.49516100973393784,"corner":-0.18278383734793402,"freedom":0.3141555059423162,"table":0.43250104921841226},"group3 - Bot3":{"border":0.8652284098157064,"corner":0.8605365743998377,"freedom":0.6118360263764646,"table":0.7240306644667245},"group4 - Bot3":{"border":0.06243736824753787,"corner":-0.0637414840685655,"freedom":-0.02854143956355637,"table":-0.24045507339560768},"group0 - Bot1":{"border":-0.35292665625295694,"corner":0.6260195799857087,"freedom":0.6166428634638201,"table":0.5984219657042176},"group1 - Bot3":{"border":-0.4029625700927344,"corner":-0.5645995079769854,"freedom":0.011563514758012428,"table":-0.25356265273088874},"group2 - Bot1":{"border":0.3500959231686325,"corner":-0.2761598730589907,"freedom":-0.31318268299239405,"table":-0.286007842633486},"group3 - Bot0":{"border":0.4398177446952496,"corner":0.8351192130859173,"freedom":-0.5340468327698551,"table":0.5465066331845017},"group4 - Bot2":{"border":-0.7505778835637456,"corner":-0.857920801394684,"freedom":-0.7133354137509933,"table":0.045973645302231914},"group0 - Bot2":{"border":-0.05695124686414843,"corner":0.11167958410223378,"freedom":0.31746660888741096,"table":0.7842459188477504},"group1 - Bot2":{"border":0.16219284671748202,"corner":-0.29049883288184875,"freedom":-0.9636412798910281,"table":0.6721721483865939},"group2 - Bot2":{"border":-0.9871523052414806,"corner":-0.42055861747710055,"freedom":-0.5891456093375649,"table":-0.5666289577321066},"group3 - Bot1":{"border":-0.9871523052414806,"corner":-0.42055861747710055,"freedom":-0.5891456093375649,"table":-0.7953507082923701},"group4 - Bot1":{"border":0.6277711187474717,"corner":-0.9051727672151817,"freedom":-0.8247211561796632,"table":-0.6213950058912092},"group4 - Bot0":{"border":0.8072170349354195,"corner":-0.4120716488751992,"freedom":-0.11652428221984801,"table":0.9825022079831294},"group6 - Bot0":{"border":0.36484587181596306,"corner":-0.692993849284373,"freedom":-0.8619494787005622,"table":0.9060953224298929},"group7 - Bot2":{"border":0.6838157299830341,"corner":-0.8014370941096216,"freedom":0.09102758660709265,"table":-0.5309047013822521},"group7 - Bot3":{"border":-0.5489089417538333,"corner":0.8351192130859173,"freedom":-0.5340468327698551,"table":0.5465066331845017},"group5 - Bot0":{"border":0.5509651809743148,"corner":-0.04202884902808979,"freedom":-0.8587568326220443,"table":0.5664316619104346},"group6 - Bot2":{"border":-0.9493175999458501,"corner":-0.3486842781508295,"freedom":-0.9678807499243216,"table":-0.08329391700655875},"group7 - Bot0":{"border":-0.9871523052414806,"corner":-0.42055861747710055,"freedom":-0.5891456093375649,"table":0.19487523922421723},"group5 - Bot1":{"border":0.5509651809743148,"corner":-0.6133214907855904,"freedom":-0.8587568326220443,"table":0.5664316619104346},"group6 - Bot1":{"border":0.23237042553533782,"corner":-0.07402456287079895,"freedom":-0.2726784431584057,"table":-0.8914646262588253},"group7 - Bot1":{"border":-0.71835675125269,"corner":0.09808821256532707,"freedom":-0.6378513310459615,"table":-0.9545136232250264},"group5 - Bot2":{"border":0.4735880833639263,"corner":-0.22758105892582625,"freedom":-0.07900533596858161,"table":-0.2522192812584103},"group6 - Bot4":{"border":0.12823878687396384,"corner":0.42220261813517856,"freedom":0.18376081547356016,"table":0.81541910338198},"group5 - Bot3":{"border":0.5481805853510815,"corner":-0.22980044125660637,"freedom":-0.9865642148044815,"table":0.24560577153451724},"group6 - Bot3":{"border":-0.6386142114460178,"corner":0.5475995070615141,"freedom":-0.7071193586449975,"table":-0.7258872727725618},"group5 - Bot4":{"border":-0.49237387929976517,"corner":-0.01436045515725315,"freedom":0.5187918669932927,"table":-0.8522867662312836},"group7 - Bot4":{"border":-0.7471517191140042,"corner":0.6837290985572362,"freedom":0.13577224062468018,"table":0.7620429522641272}},"finalResults":{"Bot7 - Bot1":1.0,"Bot6 - Bot0":1.0,"Bot7 - Bot0":-1.0,"Bot6 - Bot1":1.0,"Bot7 - Bot3":1.0,"Bot6 - Bot2":-1.0,"Bot7 - Bot2":0.5,"Bot5 - Bot0":1.0,"Bot5 - Bot1":1.0,"Bot4 - Bot0":1.0,"Bot3 - Bot0":1.0,"Bot4 - Bot2":-1.0,"Bot5 - Bot4":1.0,"Bot6 - Bot7":1.0,"Bot3 - Bot1":1.0,"Bot4 - Bot1":1.0,"Bot3 - Bot2":-1.0,"Bot5 - Bot2":1.0,"Bot5 - Bot3":-1.0,"Bot4 - Bot3":1.0,"Bot6 - Bot3":1.0,"Bot3 - Bot4":-1.0,"Bot7 - Bot5":-1.0,"Bot4 - Bot6":1.0,"Bot6 - Bot4":0.5,"Bot3 - Bot5":1.0,"Bot7 - Bot4":1.0,"Bot4 - Bot5":1.0,"Bot3 - Bot6":1.0,"Bot6 - Bot5":1.0,"Bot5 - Bot6":-1.0,"Bot3 - Bot7":1.0,"Bot5 - Bot7":1.0,"Bot7 - Bot6":1.0,"Bot4 - Bot7":-1.0,"Bot1 - Bot6":1.0,"Bot1 - Bot7":1.0,"Bot1 - Bot4":-1.0,"Bot1 - Bot5":-1.0,"Bot1 - Bot2":1.0,"Bot1 - Bot3":-1.0,"Bot1 - Bot0":1.0,"Bot0 - Bot5":-1.0,"Bot0 - Bot6":1.0,"Bot0 - Bot7":1.0,"Bot2 - Bot7":0.5,"Bot0 - Bot1":1.0,"Bot2 - Bot6":-1.0,"Bot0 - Bot2":0.5,"Bot2 - Bot5":0.5,"Bot0 - Bot3":-1.0,"Bot2 - Bot4":1.0,"Bot2 - Bot3":-1.0,"Bot0 - Bot4":-1.0,"Bot2 - Bot1":1.0,"Bot2 - Bot0":-1.0},"finalScores":{"final":"[5.5, 4.0, 7.0, 9.0, 8.5, 8.5, 7.5, 6.0]"},"groupStageResults":{"group7":{"Bot0 - Bot1":1.0,"Bot1 - Bot4":-1.0,"Bot0 - Bot2":1.0,"Bot0 - Bot3":1.0,"Bot1 - Bot2":1.0,"Bot2 - Bot4":1.0,"Bot0 - Bot4":1.0,"Bot1 - Bot3":-1.0,"Bot2 - Bot3":1.0,"Bot1 - Bot0":-1.0,"Bot2 - Bot1":-1.0,"Bot2 - Bot0":-1.0,"Bot4 - Bot0":0.5,"Bot3 - Bot0":0.5,"Bot4 - Bot2":1.0,"Bot3 - Bot1":1.0,"Bot4 - Bot1":1.0,"Bot3 - Bot2":-1.0,"Bot4 - Bot3":1.0,"Bot3 - Bot4":1.0},"group4":{"Bot0 - Bot1":1.0,"Bot1 - Bot4":-1.0,"Bot0 - Bot2":1.0,"Bot0 - Bot3":1.0,"Bot1 - Bot2":-1.0,"Bot2 - Bot4":-1.0,"Bot0 - Bot4":1.0,"Bot1 - Bot3":1.0,"Bot2 - Bot3":1.0,"Bot1 - Bot0":-1.0,"Bot2 - Bot1":1.0,"Bot2 - Bot0":-1.0,"Bot4 - Bot0":-1.0,"Bot3 - Bot0":-1.0,"Bot4 - Bot2":-1.0,"Bot3 - Bot1":-1.0,"Bot4 - Bot1":1.0,"Bot3 - Bot2":-1.0,"Bot4 - Bot3":1.0,"Bot3 - Bot4":1.0},"group3":{"Bot0 - Bot1":1.0,"Bot1 - Bot4":1.0,"Bot0 - Bot2":1.0,"Bot0 - Bot3":1.0,"Bot1 - Bot2":-1.0,"Bot2 - Bot4":1.0,"Bot0 - Bot4":1.0,"Bot1 - Bot3":-1.0,"Bot2 - Bot3":-1.0,"Bot1 - Bot0":-1.0,"Bot2 - Bot1":1.0,"Bot2 - Bot0":-1.0,"Bot4 - Bot0":1.0,"Bot3 - Bot0":-1.0,"Bot4 - Bot2":1.0,"Bot3 - Bot1":1.0,"Bot4 - Bot1":-1.0,"Bot3 - Bot2":-1.0,"Bot4 - Bot3":-1.0,"Bot3 - Bot4":1.0},"group6":{"Bot0 - Bot1":1.0,"Bot1 - Bot4":-1.0,"Bot0 - Bot2":1.0,"Bot0 - Bot3":1.0,"Bot1 - Bot2":-1.0,"Bot2 - Bot4":-1.0,"Bot0 - Bot4":1.0,"Bot1 - Bot3":-1.0,"Bot2 - Bot3":-1.0,"Bot1 - Bot0":-1.0,"Bot2 - Bot1":1.0,"Bot2 - Bot0":1.0,"Bot4 - Bot0":-1.0,