{"winner":{"border":-0.7094000093341666,"corner":0.8246599423635574,"freedom":0.00722069068588338,"table":0.7165539287578457},"botsInfos":{"group1 - Bot1":{"border":0.48711333925943956,"corner":-0.14170255584119218,"freedom":0.9194691866075959,"table":-0.37429489641839364},"group2 - Bot3":{"border":0.23327528268800068,"corner":-0.34991975809259146,"freedom":-0.002004546381765504,"table":-0.13625473614024086},"group0 - Bot0":{"border":-0.3337035791921277,"corner":0.6297613142910079,"freedom":-0.0727416161154224,"table":0.9913285369243308},"group1 - Bot0":{"border":0.7169265310483446,"corner":-0.16447498725240095,"freedom":0.1514598365923121,"table":0.9723735209420232},"group2 - Bot4":{"border":-0.7094000093341666,"corner":0.8246599423635574,"freedom":0.00722069068588338,"table":0.7165539287578457},"group3 - Bot4":{"border":0.1119215043783317,"corner":0.8707535486603859,"freedom":0.6368214227431432,"table":0.48333603969633776},"group0 - Bot3":{"border":-0.5475390671641684,"corner":-0.44788693222321085,"freedom":0.8307778125682204,"table":-0.02109678835582751},"group3 - Bot2":{"border":-0.13590549922579376,"corner":0.4090040853573442,"freedom":0.1910339341090299,"table":-0.839833088092304},"group4 - Bot4":{"border":0.42439623667455617,"corner":0.9492438402062218,"freedom":0.048360954841582204,"table":0.1979702716302827},"group0 - Bot4":{"border":0.3266904338929151,"corner":-0.6412430106569913,"freedom":0.3802463730994845,"table":0.3000358208666596},"group1 - Bot4":{"border":0.3789676781429019,"corner":-0.28021815370765824,"freedom":-0.5517147962928006,"table":-0.44797788341347045},"group2 - Bot0":{"border":0.9490091224462389,"corner":-0.5710653309180813,"freedom":-0.31569856364563376,"table":0.2729708673720541},"group3 - Bot3":{"border":-0.28417947095566776,"corner":-0.6203196473535946,"freedom":-0.7362506823266626,"table":0.0073462142900293514},"group4 - Bot3":{"border":-0.622967045694462,"corner":0.41080610305465326,"freedom":0.31915015032184235,"table":-0.930547806635295},"group0 - Bot1":{"border":0.5603788064697932,"corner":0.07862050166956869,"freedom":0.09425975359171135,"table":0.5541468101540918},"group1 - Bot3":{"border":0.7529340598559178,"corner":-0.62657363392129,"freedom":-0.3527777533372567,"table":-0.938804105219107},"group2 - Bot1":{"border":0.8236416101273099,"corner":-0.8997115464587324,"freedom":-0.7317172797895646,"table":-0.9532799570993222},"group3 - Bot0":{"border":-0.8659646032570574,"corner":-0.6640003626691822,"freedom":-0.667837124047572,"table":0.9604721234670432},"group4 - Bot2":{"border":-0.5298935259872422,"corner":-0.5964161366930061,"freedom":-0.8349090116343496,"table":-0.4625268620835339},"group0 - Bot2":{"border":-0.666046847414113,"corner":-0.7244664668701573,"freedom":-0.5092512113799592,"table":0.8938440197046209},"group1 - Bot2":{"border":0.7169265310483446,"corner":-0.16447498725240095,"freedom":0.1514598365923121,"table":-0.5527152816958858},"group2 - Bot2":{"border":0.7611624760584836,"corner":0.2688841358881553,"freedom":0.7320495120277193,"table":0.5768731368376205},"group3 - Bot1":{"border":-0.9059123977568071,"corner":0.8700457203045235,"freedom":-0.8139735356740074,"table":0.6473503312817608},"group4 - Bot1":{"border":0.075556269213374,"corner":0.5544926911763186,"freedom":-0.8744601632883304,"table":-0.8337478657490227},"group4 - Bot0":{"border":0.15957263807413757,"corner":0.3617825490197255,"freedom":-0.9111446713571338,"table":0.3259163826339768},"group6 - Bot0":{"border":-0.4724162309581492,"corner":0.9449054068865719,"freedom":-0.697948923748384,"table":0.3290052017330207},"group7 - Bot2":{"border":0.6904036914592171,"corner":-0.7633062259724814,"freedom":-0.5630964048678493,"table":-0.9631316361415079},"group7 - Bot3":{"border":-0.45826922336216946,"corner":0.2336318561176971,"freedom":0.9574494127903541,"table":0.51893626846006},"group5 - Bot0":{"border":-0.5308710889207497,"corner":0.524682455863503,"freedom":-0.2121241304473218,"table":0.7307997650955191},"group6 - Bot2":{"border":0.5928571713550295,"corner":-0.8690000279475716,"freedom":0.1504754527053076,"table":-0.8653675639426626},"group7 - Bot0":{"border":0.48711333925943956,"corner":-0.14170255584119218,"freedom":0.9194691866075959,"table":0.33332386155238636},"group5 - Bot1":{"border":-0.4724162309581492,"corner":0.9449054068865719,"freedom":-0.9822327637803623,"table":0.3290052017330207},"group6 - Bot1":{"border":0.9055919460004547,"corner":-0.3324313670364156,"freedom":-0.6172792250186037,"table":0.17814677132290613},"group7 - Bot1":{"border":-0.15329083876648042,"corner":-0.8431693876985473,"freedom":-0.7538985065685959,"table":0.45388209022230863},"group5 - Bot2":{"border":0.06527406572906114,"corner":0.9035175206366717,"freedom":0.10816444962938165,"table":-0.24482202620870375},"group6 - Bot4":{"border":-0.7606130677856524,"corner":0.08294130468660033,"freedom":-0.25178338494875563,"table":0.5579841271792128},"group5 - Bot3":{"border":-0.004570907351934217,"corner":-0.8704394640130524,"freedom":-0.23026054992736378,"table":-0.2766576792438473},"group6 - Bot3":{"border":-0.5862228357048678,"corner":0.24951649014982413,"freedom":0.8872167742960915,"table":-0.9639210200177326},"group5 - Bot4":{"border":-0.3607791531285165,"corner":-0.8160813406575005,"freedom":-0.7266575653940712,"table":-0.17233283764448393},"group7 - Bot4":{"border":0.5515518450822552,"corner":-0.8369613700498324,"freedom":-0.16907141811916881,"table":-0.491424107415082}},"finalResults":{"Bot7 - Bot1":1.0,"Bot7 - Bot0":1.0,"Bot6 - Bot0":1.0,"Bot6 - Bot1":1.0,"Bot7 - Bot3":-1.0,"Bot7 - Bot2":-1.0,"Bot6 - Bot2":-1.0,"Bot5 - Bot0":1.0,"Bot5 - Bot1":-1.0,"Bot4 - Bot0":1.0,"Bot3 - Bot0":-1.0,"Bot4 - Bot2":-1.0,"Bot5 - Bot4":1.0,"Bot6 - Bot7":1.0,"Bot3 - Bot1":-1.0,"Bot4 - Bot1":-1.0,"Bot5 - Bot2":-1.0,"Bot3 - Bot2":-1.0,"Bot5 - Bot3":-1.0,"Bot4 - Bot3":-1.0,"Bot6 - Bot3":1.0,"Bot3 - Bot4":1.0,"Bot7 - Bot5":-1.0,"Bot4 - Bot6":-1.0,"Bot7 - Bot4":1.0,"Bot3 - Bot5":1.0,"Bot6 - Bot4":1.0,"Bot4 - Bot5":-1.0,"Bot5 - Bot6":-1.0,"Bot3 - Bot6":1.0,"Bot6 - Bot5":1.0,"Bot3 - Bot7":1.0,"Bot5 - Bot7":1.0,"Bot7 - Bot6":1.0,"Bot4 - Bot7":-1.0,"Bot1 - Bot6":1.0,"Bot1 - Bot7":1.0,"Bot1 - Bot4":-1.0,"Bot1 - Bot5":-1.0,"Bot1 - Bot2":-1.0,"Bot1 - Bot3":-1.0,"Bot1 - Bot0":1.0,"Bot0 - Bot5":-1.0,"Bot0 - Bot6":1.0,"Bot0 - Bot7":-1.0,"Bot2 - Bot7":1.0,"Bot0 - Bot1":-1.0,"Bot2 - Bot6":1.0,"Bot0 - Bot2":1.0,"Bot2 - Bot5":-1.0,"Bot0 - Bot3":1.0,"Bot2 - Bot4":-1.0,"Bot2 - Bot3":1.0,"Bot0 - Bot4":1.0,"Bot2 - Bot1":1.0,"Bot2 - Bot0":1.0},"finalScores":{"final":"[5.0, 7.0, 11.0, 8.0, 3.0, 8.0, 8.0, 6.0]"},"groupStageResults":{"group7":{"Bot0 - Bot1":1.0,"Bot1 - Bot4":1.0,"Bot0 - Bot2":-1.0,"Bot0 - Bot3":1.0,"Bot1 - Bot2":1.0,"Bot2 - Bot4":-1.0,"Bot0 - Bot4":1.0,"Bot1 - Bot3":1.0,"Bot2 - Bot3":-1.0,"Bot1 - Bot0":1.0,"Bot2 - Bot1":-1.0,"Bot2 - Bot0":-1.0,"Bot4 - Bot0":-1.0,"Bot3 - Bot0":-1.0,"Bot4 - Bot2":-1.0,"Bot3 - Bot1":-1.0,"Bot4 - Bot1":-1.0,"Bot3 - Bot2":1.0,"Bot4 - Bot3":-1.0,"Bot3 - Bot4":1.0},"group4":{"Bot0 - Bot1":1.0,"Bot1 - Bot4":1.0,"Bot0 - Bot2":1.0,"Bot0 - Bot3":1.0,"Bot1 - Bot2":-1.0,"Bot2 - Bot4":-1.0,"Bot0 - Bot4":1.0,"Bot1 - Bot3":-1.0,"Bot2 - Bot3":-1.0,"Bot1 - Bot0":-1.0,"Bot2 - Bot1":1.0,"Bot2 - Bot0":-1.0,"Bot4 - Bot0":1.0,"Bot3 - Bot0":-1.0,"Bot4 - Bot2":1.0,"Bot3 - Bot1":1.0,"Bot4 - Bot1":1.0,"Bot3 - Bot2":1.0,"Bot4 - Bot3":1.0,"Bot3 - Bot4":-1.0},"group3":{"Bot0 - Bot1":-1.0,"Bot1 - Bot4":1.0,"Bot0 - Bot2":1.0,"Bot0 - Bot3":1.0,"Bot1 - Bot2":1.0,"Bot2 - Bot4":-1.0,"Bot0 - Bot4":1.0,"Bot1 - Bot3":1.0,"Bot2 - Bot3":-1.0,"Bot1 - Bot0":-1.0,"Bot2 - Bot1":-1.0,"Bot2 - Bot0":-1.0,"Bot4 - Bot0":-1.0,"Bot3 - Bot0":-1.0,"Bot4 - Bot2":1.0,"Bot3 - Bot1":-1.0,"Bot4 - Bot1":1.0,"Bot3 - Bot2":1.0,"Bot4 - Bot3":1.0,"Bot3 - Bot4":1.0},"group6":{"Bot0 - Bot1":-1.0,"Bot1 - Bot4":1.0,"Bot0 - Bot2":1.0,"Bot0 - Bot3":1.0,"Bot1 - Bot2":1.0,"Bot2 - Bot4":-1.0,"Bot0 - Bot4":-1.0,"Bot1 - Bot3":1.0,"Bot2 - Bot3":1.0,"Bot1 - Bot0":1.0,"Bot2 - Bot1":1.0,"Bot2 - Bot0":-1.0,"Bot4 - Bot0":-1.0,