{"winner":{"border":0.55494260233984,"corner":0.8008821039724039,"freedom":-0.1831077061873112,"table":0.24392494995262526},"botsInfos":{"group1 - Bot1":{"border":0.14679802824754584,"corner":-0.050368143073844074,"freedom":0.7355856518217565,"table":-0.25494767725559586},"group2 - Bot3":{"border":-0.16222063158069755,"corner":0.4776963295311627,"freedom":-0.21744384032320307,"table":0.6970962141667123},"group0 - Bot0":{"border":-0.16126175051862712,"corner":-0.35974298979377317,"freedom":0.06804370592166564,"table":0.4327823413409886},"group1 - Bot0":{"border":-0.5776099633507392,"corner":0.15256854734167224,"freedom":0.47272783728418166,"table":0.10793233915541434},"group2 - Bot4":{"border":0.18887181367218187,"corner":0.6039280221593284,"freedom":0.2942507574981008,"table":-0.33296602717403556},"group3 - Bot4":{"border":-0.6506366494871103,"corner":-0.7133545908025725,"freedom":-0.15273605504645582,"table":0.29283333300231607},"group0 - Bot3":{"border":0.9496748849211716,"corner":0.9275187377523264,"freedom":-0.39005255543872885,"table":-0.19620025344361758},"group3 - Bot2":{"border":-0.040390275183714186,"corner":-0.977718963266454,"freedom":-0.8332458290168481,"table":-0.7074656015769432},"group4 - Bot4":{"border":0.8072170349354195,"corner":-0.4120716488751992,"freedom":0.8175415587741561,"table":0.9825022079831294},"group0 - Bot4":{"border":-0.855858297090182,"corner":0.3041690900345604,"freedom":-0.2706055554442901,"table":0.6903578005235438},"group1 - Bot4":{"border":0.24531886879236664,"corner":-0.37877464872612676,"freedom":-0.985435974148217,"table":-0.8432530680942667},"group2 - Bot0":{"border":-0.855858297090182,"corner":0.1650297477173559,"freedom":-0.2706055554442901,"table":0.6903578005235438},"group3 - Bot3":{"border":-0.1482754497084282,"corner":0.29493928066363084,"freedom":-0.03416277029454862,"table":-0.7229404966416328},"group4 - Bot3":{"border":0.27571083165921917,"corner":0.14280018995705612,"freedom":-0.46855166643997026,"table":0.4132653839030016},"group0 - Bot1":{"border":-0.19292328587616647,"corner":0.3766440439019798,"freedom":-0.7569511060358616,"table":-0.03574621928792321},"group1 - Bot3":{"border":-0.6177129272249471,"corner":-0.5077877949139056,"freedom":0.9369776923882183,"table":-0.9589750935659773},"group2 - Bot1":{"border":-0.6144329706052221,"corner":0.05394619003905676,"freedom":-0.19219431201153858,"table":-0.36907431058015905},"group3 - Bot0":{"border":0.4398177446952496,"corner":0.8351192130859173,"freedom":-0.5340468327698551,"table":0.5465066331845017},"group4 - Bot2":{"border":0.55494260233984,"corner":0.8008821039724039,"freedom":-0.1831077061873112,"table":0.24392494995262526},"group0 - Bot2":{"border":0.8072170349354195,"corner":-0.4120716488751992,"freedom":-0.11652428221984801,"table":0.9771782045252753},"group1 - Bot2":{"border":0.9419455732962603,"corner":0.7833740680221581,"freedom":0.6456139294551662,"table":-0.3909006125099863},"group2 - Bot2":{"border":-0.7750981315699328,"corner":0.29243378089116834,"freedom":-0.5272561412215331,"table":-0.02326167577051197},"group3 - Bot1":{"border":-0.9826601292966386,"corner":0.8955023222905465,"freedom":0.6026593997547407,"table":-0.38510693332310586},"group4 - Bot1":{"border":-0.9287038714098912,"corner":0.003314727292508035,"freedom":-0.3602209068038549,"table":0.26970565606956853},"group4 - Bot0":{"border":0.8072170349354195,"corner":-0.4120716488751992,"freedom":-0.11652428221984801,"table":0.9825022079831294},"group6 - Bot0":{"border":0.36484587181596306,"corner":-0.692993849284373,"freedom":-0.8619494787005622,"table":0.9060953224298929},"group7 - Bot2":{"border":-0.8745084080642886,"corner":0.30920196700593094,"freedom":0.3271345571026152,"table":0.6477445752257796},"group7 - Bot3":{"border":-0.20446939548537046,"corner":0.7654481987834454,"freedom":-0.7319058925316573,"table":0.5998983089232637},"group5 - Bot0":{"border":0.5481805853510815,"corner":-0.22980044125660637,"freedom":-0.9865642148044815,"table":0.24560577153451724},"group6 - Bot2":{"border":-0.03584465741536991,"corner":-0.0019256774190714587,"freedom":-0.7392422632394255,"table":0.7791533508765358},"group7 - Bot0":{"border":-0.9871523052414806,"corner":-0.42055861747710055,"freedom":-0.5891456093375649,"table":0.19487523922421723},"group5 - Bot1":{"border":-0.5089865301709067,"corner":0.47738489920128346,"freedom":-0.9455050682249166,"table":0.7941672154897466},"group6 - Bot1":{"border":-0.855858297090182,"corner":0.1650297477173559,"freedom":-0.2706055554442901,"table":-0.6802773189409597},"group7 - Bot1":{"border":0.7383219701664174,"corner":-0.5082930316976157,"freedom":0.01642995063772168,"table":0.524845606346078},"group5 - Bot2":{"border":0.6605083910506342,"corner":0.6460291646645846,"freedom":0.8907665260373057,"table":-0.8031565475314337},"group6 - Bot4":{"border":-0.7463750883489579,"corner":0.07736240050320653,"freedom":0.6084495249621462,"table":0.7316449554365101},"group5 - Bot3":{"border":-0.6888878841836428,"corner":-0.48207981992587423,"freedom":-0.1560275652934915,"table":-0.9080916602437361},"group6 - Bot3":{"border":0.5481805853510815,"corner":-0.22980044125660637,"freedom":-0.9865642148044815,"table":0.8132437763421572},"group5 - Bot4":{"border":-0.38470789714645814,"corner":-0.31197141198951495,"freedom":-0.05288979488754442,"table":0.34637292794264574},"group7 - Bot4":{"border":-0.5305127046758047,"corner":0.3659437218781669,"freedom":0.8055294151153349,"table":0.961270403696447}},"finalResults":{"Bot7 - Bot1":-1.0,"Bot6 - Bot0":-1.0,"Bot7 - Bot0":-1.0,"Bot6 - Bot1":1.0,"Bot7 - Bot3":1.0,"Bot6 - Bot2":-1.0,"Bot7 - Bot2":1.0,"Bot5 - Bot0":1.0,"Bot5 - Bot1":1.0,"Bot4 - Bot0":-1.0,"Bot3 - Bot0":1.0,"Bot4 - Bot2":-1.0,"Bot5 - Bot4":1.0,"Bot6 - Bot7":1.0,"Bot4 - Bot1":1.0,"Bot3 - Bot1":1.0,"Bot3 - Bot2":1.0,"Bot5 - Bot2":1.0,"Bot4 - Bot3":1.0,"Bot5 - Bot3":1.0,"Bot3 - Bot4":-1.0,"Bot6 - Bot3":1.0,"Bot4 - Bot6":1.0,"Bot7 - Bot5":1.0,"Bot3 - Bot5":1.0,"Bot6 - Bot4":-1.0,"Bot4 - Bot5":1.0,"Bot7 - Bot4":-1.0,"Bot3 - Bot6":-1.0,"Bot6 - Bot5":-1.0,"Bot5 - Bot6":1.0,"Bot3 - Bot7":-1.0,"Bot4 - Bot7":1.0,"Bot5 - Bot7":-1.0,"Bot7 - Bot6":-1.0,"Bot1 - Bot6":1.0,"Bot1 - Bot7":1.0,"Bot1 - Bot4":1.0,"Bot1 - Bot5":0.5,"Bot1 - Bot2":1.0,"Bot1 - Bot3":1.0,"Bot1 - Bot0":-1.0,"Bot0 - Bot5":-1.0,"Bot0 - Bot6":-1.0,"Bot0 - Bot7":-1.0,"Bot2 - Bot7":-1.0,"Bot0 - Bot1":-1.0,"Bot2 - Bot6":-1.0,"Bot0 - Bot2":-1.0,"Bot2 - Bot5":1.0,"Bot0 - Bot3":-1.0,"Bot2 - Bot4":1.0,"Bot2 - Bot3":1.0,"Bot0 - Bot4":-1.0,"Bot2 - Bot1":-1.0,"Bot2 - Bot0":1.0},"finalScores":{"final":"[4.0, 8.5, 7.0, 5.0, 9.0, 8.5, 7.0, 7.0]"},"groupStageResults":{"group7":{"Bot0 - Bot1":-1.0,"Bot1 - Bot4":1.0,"Bot0 - Bot2":1.0,"Bot0 - Bot3":-1.0,"Bot1 - Bot2":1.0,"Bot2 - Bot4":-1.0,"Bot0 - Bot4":1.0,"Bot1 - Bot3":-1.0,"Bot2 - Bot3":-1.0,"Bot1 - Bot0":1.0,"Bot2 - Bot1":-1.0,"Bot2 - Bot0":-1.0,"Bot4 - Bot0":-1.0,"Bot3 - Bot0":1.0,"Bot4 - Bot2":1.0,"Bot3 - Bot1":-1.0,"Bot4 - Bot1":1.0,"Bot3 - Bot2":1.0,"Bot4 - Bot3":-1.0,"Bot3 - Bot4":-1.0},"group4":{"Bot0 - Bot1":1.0,"Bot1 - Bot4":1.0,"Bot0 - Bot2":-1.0,"Bot0 - Bot3":1.0,"Bot1 - Bot2":-1.0,"Bot2 - Bot4":1.0,"Bot0 - Bot4":1.0,"Bot1 - Bot3":1.0,"Bot2 - Bot3":-1.0,"Bot1 - Bot0":1.0,"Bot2 - Bot1":1.0,"Bot2 - Bot0":1.0,"Bot4 - Bot0":-1.0,"Bot3 - Bot0":-1.0,"Bot4 - Bot2":0.5,"Bot3 - Bot1":-1.0,"Bot4 - Bot1":1.0,"Bot3 - Bot2":-1.0,"Bot4 - Bot3":-1.0,"Bot3 - Bot4":1.0},"group3":{"Bot0 - Bot1":1.0,"Bot1 - Bot4":-1.0,"Bot0 - Bot2":1.0,"Bot0 - Bot3":1.0,"Bot1 - Bot2":1.0,"Bot2 - Bot4":-1.0,"Bot0 - Bot4":-1.0,"Bot1 - Bot3":1.0,"Bot2 - Bot3":-1.0,"Bot1 - Bot0":-1.0,"Bot2 - Bot1":-1.0,"Bot2 - Bot0":-1.0,"Bot4 - Bot0":-1.0,"Bot3 - Bot0":-1.0,"Bot4 - Bot2":1.0,"Bot3 - Bot1":-1.0,"Bot4 - Bot1":0.5,"Bot3 - Bot2":-1.0,"Bot4 - Bot3":-1.0,"Bot3 - Bot4":-1.0},"group6":{"Bot0 - Bot1":1.0,"Bot1 - Bot4":1.0,"Bot0 - Bot2":1.0,"Bot0 - Bot3":-1.0,"Bot1 - Bot2":1.0,"Bot2 - Bot4":1.0,"Bot0 - Bot4":1.0,"Bot1 - Bot3":-1.0,"Bot2 - Bot3":1.0,"Bot1 - Bot0":-1.0,"Bot2 - Bot1":1.0,"Bot2 - Bot0":1.0,