{"winner":{"border":-0.9626738480137038,"corner":-0.7483470009114492,"freedom":-0.6927157345130777,"table":0.1331575318127396},"botsInfos":{"group1 - Bot1":{"border":-0.8412365446327166,"corner":0.917340918346111,"freedom":0.6953850752728508,"table":0.3574173337200164},"group2 - Bot3":{"border":0.34467133179259424,"corner":0.05538148067861104,"freedom":0.9635016930667595,"table":-0.036443773060222284},"group0 - Bot0":{"border":0.4753698683756866,"corner":0.1876117669893922,"freedom":-0.840836451639841,"table":0.7669272354074521},"group1 - Bot0":{"border":0.5700159890224354,"corner":-0.7045372266056928,"freedom":0.5402228517345704,"table":0.08451007958931567},"group2 - Bot4":{"border":0.5309757246310325,"corner":0.22480200778496462,"freedom":-0.421356447461781,"table":-0.2598010232477834},"group3 - Bot4":{"border":0.46397670912394307,"corner":-0.32890936727787046,"freedom":0.9225064287129285,"table":0.7359357316017108},"group0 - Bot3":{"border":-0.7063765833047198,"corner":-0.775051596536853,"freedom":-0.587386896505816,"table":0.05683160463889414},"group3 - Bot2":{"border":0.4753698683756866,"corner":0.1876117669893922,"freedom":-0.629770401402572,"table":0.7669272354074521},"group4 - Bot4":{"border":-0.5254049785072104,"corner":-0.9715002701317774,"freedom":0.8951294681266406,"table":0.6023732977356626},"group0 - Bot4":{"border":0.5700159890224354,"corner":-0.7045372266056928,"freedom":-0.9329228207145621,"table":0.08451007958931567},"group1 - Bot4":{"border":0.6431436650387412,"corner":0.4360411699336788,"freedom":-0.8971801847364811,"table":0.49950224561818635},"group2 - Bot0":{"border":-0.548347378666675,"corner":-0.6432252881290819,"freedom":0.33814358350286855,"table":0.815361053498054},"group3 - Bot3":{"border":0.12492429397078286,"corner":-0.5675314295814211,"freedom":0.7582198015162305,"table":0.5842424969811539},"group4 - Bot3":{"border":-0.8652117861366035,"corner":-0.3054123036717027,"freedom":0.633444289575883,"table":0.7263521619924538},"group0 - Bot1":{"border":0.40468213199116976,"corner":0.5145502014441494,"freedom":-0.49934191243337334,"table":0.1083277211812188},"group1 - Bot3":{"border":-0.3579031419414831,"corner":0.3049063297158878,"freedom":-0.2635797314518846,"table":0.37871271538674667},"group2 - Bot1":{"border":0.4851207031674072,"corner":-0.17414772129465494,"freedom":0.5813501876421849,"table":0.541617238904357},"group3 - Bot0":{"border":0.6457410027964581,"corner":-0.6699438638127846,"freedom":-0.9526794526612443,"table":0.24311036779768314},"group4 - Bot2":{"border":-0.6677645791989173,"corner":-0.7807938837250594,"freedom":0.3511775660792851,"table":-0.3320496557637047},"group0 - Bot2":{"border":-0.5973721751136449,"corner":0.5359288311519537,"freedom":-0.5862776509110867,"table":-0.730201041875508},"group1 - Bot2":{"border":0.10829526816699397,"corner":-0.17665929930821322,"freedom":-0.3106505242824651,"table":-0.6515507482577518},"group2 - Bot2":{"border":-0.560115225105094,"corner":0.3988377026550054,"freedom":0.2256232206159019,"table":-0.39862118826219173},"group3 - Bot1":{"border":-0.3337035791921277,"corner":0.6104538448777825,"freedom":-0.0727416161154224,"table":0.9913285369243308},"group4 - Bot1":{"border":-0.004790812115989196,"corner":0.971248297486154,"freedom":0.8499590468509628,"table":-0.9533197578861323},"group4 - Bot0":{"border":0.15957263807413757,"corner":0.3617825490197255,"freedom":-0.45220358482429046,"table":0.3259163826339768},"group6 - Bot0":{"border":0.40468213199116976,"corner":0.22191141263902114,"freedom":0.9911289445665306,"table":0.1083277211812188},"group7 - Bot2":{"border":-0.20338571405583927,"corner":0.5532227140642512,"freedom":-0.1385167755365755,"table":-0.5278222485142947},"group7 - Bot3":{"border":0.212121091329863,"corner":-0.7363706965786208,"freedom":0.26347978091230684,"table":-0.903668605955156},"group5 - Bot0":{"border":0.5173792974617755,"corner":-0.6920245348608676,"freedom":0.6705480011493339,"table":0.5349415331303589},"group6 - Bot2":{"border":-0.7039677386897387,"corner":0.032255035892748474,"freedom":0.8000477635073586,"table":0.797806520174486},"group7 - Bot0":{"border":0.09454099826873308,"corner":-0.24221026201832685,"freedom":0.4021134024524089,"table":0.9387483933205323},"group5 - Bot1":{"border":-0.4137619773355645,"corner":-0.7045372266056928,"freedom":0.5402228517345704,"table":0.08451007958931567},"group6 - Bot1":{"border":0.03630807608912856,"corner":0.7158124963191628,"freedom":0.9932177113484586,"table":-0.7664206641260907},"group7 - Bot1":{"border":0.40468213199116976,"corner":0.22191141263902114,"freedom":-0.07833125417875086,"table":0.1083277211812188},"group5 - Bot2":{"border":0.2948781759556818,"corner":-0.6961973126331022,"freedom":0.6524809080723573,"table":-0.3440010572735466},"group6 - Bot4":{"border":-0.9626738480137038,"corner":-0.7483470009114492,"freedom":-0.6927157345130777,"table":0.1331575318127396},"group5 - Bot3":{"border":0.30728729790074705,"corner":0.4343362841727474,"freedom":0.9290259359428821,"table":0.22376197562086464},"group6 - Bot3":{"border":0.9411754639920269,"corner":0.415125793634739,"freedom":0.240068430986065,"table":-0.2427012849321799},"group5 - Bot4":{"border":0.09454099826873308,"corner":-0.24221026201832685,"freedom":0.4021134024524089,"table":0.2945639929419954},"group7 - Bot4":{"border":0.3133310993441871,"corner":0.4903189573606963,"freedom":0.5649202796693433,"table":-0.026683008800886476}},"finalResults":{"Bot7 - Bot1":1.0,"Bot6 - Bot0":1.0,"Bot7 - Bot0":1.0,"Bot6 - Bot1":1.0,"Bot7 - Bot3":1.0,"Bot6 - Bot2":1.0,"Bot7 - Bot2":-1.0,"Bot5 - Bot0":-1.0,"Bot5 - Bot1":1.0,"Bot4 - Bot0":1.0,"Bot3 - Bot0":1.0,"Bot4 - Bot2":1.0,"Bot5 - Bot4":-1.0,"Bot6 - Bot7":1.0,"Bot3 - Bot1":1.0,"Bot4 - Bot1":-1.0,"Bot5 - Bot2":1.0,"Bot3 - Bot2":1.0,"Bot4 - Bot3":-1.0,"Bot5 - Bot3":-1.0,"Bot6 - Bot3":1.0,"Bot3 - Bot4":-1.0,"Bot7 - Bot5":1.0,"Bot4 - Bot6":1.0,"Bot7 - Bot4":-1.0,"Bot6 - Bot4":1.0,"Bot4 - Bot5":-1.0,"Bot3 - Bot5":-1.0,"Bot6 - Bot5":1.0,"Bot5 - Bot6":-1.0,"Bot3 - Bot6":-1.0,"Bot7 - Bot6":1.0,"Bot4 - Bot7":1.0,"Bot5 - Bot7":-1.0,"Bot3 - Bot7":1.0,"Bot1 - Bot6":-1.0,"Bot1 - Bot7":-1.0,"Bot1 - Bot4":1.0,"Bot1 - Bot5":1.0,"Bot1 - Bot2":1.0,"Bot1 - Bot3":-1.0,"Bot1 - Bot0":-1.0,"Bot0 - Bot5":1.0,"Bot0 - Bot6":-1.0,"Bot0 - Bot7":-1.0,"Bot2 - Bot7":-1.0,"Bot0 - Bot1":-1.0,"Bot2 - Bot6":-1.0,"Bot0 - Bot2":-1.0,"Bot2 - Bot5":-1.0,"Bot0 - Bot3":-1.0,"Bot2 - Bot4":-1.0,"Bot2 - Bot3":-1.0,"Bot0 - Bot4":-1.0,"Bot2 - Bot1":1.0,"Bot2 - Bot0":1.0},"finalScores":{"final":"[3.0, 5.0, 4.0, 9.0, 9.0, 5.0, 12.0, 9.0]"},"groupStageResults":{"group7":{"Bot0 - Bot1":-1.0,"Bot1 - Bot4":1.0,"Bot0 - Bot2":1.0,"Bot0 - Bot3":1.0,"Bot1 - Bot2":1.0,"Bot2 - Bot4":-1.0,"Bot0 - Bot4":1.0,"Bot1 - Bot3":1.0,"Bot2 - Bot3":-1.0,"Bot1 - Bot0":1.0,"Bot2 - Bot1":-1.0,"Bot2 - Bot0":-1.0,"Bot4 - Bot0":-1.0,"Bot3 - Bot0":-1.0,"Bot4 - Bot2":1.0,"Bot3 - Bot1":-1.0,"Bot4 - Bot1":-1.0,"Bot3 - Bot2":1.0,"Bot4 - Bot3":1.0,"Bot3 - Bot4":1.0},"group4":{"Bot0 - Bot1":1.0,"Bot1 - Bot4":-1.0,"Bot0 - Bot2":1.0,"Bot0 - Bot3":1.0,"Bot1 - Bot2":-1.0,"Bot2 - Bot4":-1.0,"Bot0 - Bot4":1.0,"Bot1 - Bot3":-1.0,"Bot2 - Bot3":-1.0,"Bot1 - Bot0":-1.0,"Bot2 - Bot1":-1.0,"Bot2 - Bot0":-1.0,"Bot4 - Bot0":-1.0,"Bot3 - Bot0":-1.0,"Bot4 - Bot2":1.0,"Bot3 - Bot1":1.0,"Bot4 - Bot1":1.0,"Bot3 - Bot2":-1.0,"Bot4 - Bot3":1.0,"Bot3 - Bot4":1.0},"group3":{"Bot0 - Bot1":1.0,"Bot1 - Bot4":1.0,"Bot0 - Bot2":1.0,"Bot0 - Bot3":1.0,"Bot1 - Bot2":1.0,"Bot2 - Bot4":1.0,"Bot0 - Bot4":-1.0,"Bot1 - Bot3":1.0,"Bot2 - Bot3":1.0,"Bot1 - Bot0":1.0,"Bot2 - Bot1":-1.0,"Bot2 - Bot0":1.0,"Bot4 - Bot0":-1.0,"Bot3 - Bot0":1.0,"Bot4 - Bot2":1.0,"Bot3 - Bot1":-1.0,"Bot4 - Bot1":1.0,"Bot3 - Bot2":1.0,"Bot4 - Bot3":1.0,"Bot3 - Bot4":1.0},"group6":{"Bot0 - Bot1":-1.0,"Bot1 - Bot4":-1.0,"Bot0 - Bot2":1.0,"Bot0 - Bot3":1.0,"Bot1 - Bot2":-1.0,"Bot2 - Bot4":-1.0,"Bot0 - Bot4":-1.0,"Bot1 - Bot3":-1.0,"Bot2 - Bot3":1.0,"Bot1 - Bot0":1.0,"Bot2 - Bot1":1.0,"Bot2 - Bot0":1.0,"Bot4 - Bot0":0.5,"Bot3 - Bot0":0.5,"Bot4 - Bot2":-1.0,