{"winner":{"border":0.8323972264460586,"corner":-0.33460504464117036,"freedom":0.0038583608758242516,"table":0.40077254182478184},"botsInfos":{"group1 - Bot1":{"border":0.5083450486770535,"corner":0.8322316110382701,"freedom":0.7564994994972822,"table":0.4527900231069306},"group2 - Bot3":{"border":0.29235183736936876,"corner":-0.26223839372075597,"freedom":0.0824688301316483,"table":0.0030007106268570283},"group0 - Bot0":{"border":-0.3337035791921277,"corner":-0.433192037194456,"freedom":-0.0727416161154224,"table":0.9913285369243308},"group1 - Bot0":{"border":0.7169265310483446,"corner":-0.16447498725240095,"freedom":0.1514598365923121,"table":0.9723735209420232},"group2 - Bot4":{"border":0.5867069151787285,"corner":-0.7640159801144812,"freedom":0.5924635041521362,"table":0.036241682793689334},"group3 - Bot4":{"border":0.7826851214061767,"corner":-0.6323596700014238,"freedom":-0.6689348392959593,"table":-0.3747166248147338},"group0 - Bot3":{"border":-0.8475712465212732,"corner":-0.33783692394366804,"freedom":-0.32835468557276903,"table":0.8288094596281166},"group3 - Bot2":{"border":0.5233975403961499,"corner":-0.7811063480150755,"freedom":0.3381407565011596,"table":-0.013420097239081885},"group4 - Bot4":{"border":-0.6750516099278607,"corner":0.04078222970411516,"freedom":-0.4135947719819617,"table":-0.9546184247299623},"group0 - Bot4":{"border":0.37018589488971076,"corner":0.5987462700907302,"freedom":-0.054537566338450416,"table":-0.3027287808222823},"group1 - Bot4":{"border":-0.7952022458072427,"corner":-0.08959188220176939,"freedom":0.2452317574483458,"table":-0.6246405588017578},"group2 - Bot0":{"border":-0.5290520577544151,"corner":0.43745913424497695,"freedom":-0.9653823740875209,"table":0.1830319837920784},"group3 - Bot3":{"border":-0.47917306557709005,"corner":0.8915754170745969,"freedom":0.10889772110900897,"table":0.7826660628311628},"group4 - Bot3":{"border":-0.49486585230946023,"corner":0.6433208463807538,"freedom":-0.6450308322468012,"table":-0.3452247407408289},"group0 - Bot1":{"border":0.5033581946325327,"corner":-0.2721864901620672,"freedom":0.4384177606843862,"table":0.2877176905247165},"group1 - Bot3":{"border":0.6731492057850117,"corner":-0.08692493843368054,"freedom":0.6273071953348941,"table":-0.009112603244372464},"group2 - Bot1":{"border":0.9490091224462389,"corner":-0.5710653309180813,"freedom":-0.31569856364563376,"table":0.2729708673720541},"group3 - Bot0":{"border":0.6662583560389308,"corner":-0.4664794178026881,"freedom":0.6267219325097009,"table":0.435146446070348},"group4 - Bot2":{"border":-0.9212124859058668,"corner":0.19840745698341777,"freedom":0.7369250957171758,"table":-0.21798673231260968},"group0 - Bot2":{"border":-0.3337035791921277,"corner":0.6297613142910079,"freedom":-0.0727416161154224,"table":0.9913285369243308},"group1 - Bot2":{"border":0.8347516758352775,"corner":-0.9695111775953411,"freedom":0.5884053289065583,"table":0.9213925310958031},"group2 - Bot2":{"border":-0.49127439370184267,"corner":-0.2401747206359568,"freedom":0.5556822118185347,"table":-0.5495019853820944},"group3 - Bot1":{"border":-0.8659646032570574,"corner":-0.6640003626691822,"freedom":-0.667837124047572,"table":0.9604721234670432},"group4 - Bot1":{"border":0.8577528293659797,"corner":0.674260410975867,"freedom":-0.7113992356135461,"table":0.33817506459637836},"group4 - Bot0":{"border":0.15957263807413757,"corner":0.3617825490197255,"freedom":-0.9111446713571338,"table":0.3259163826339768},"group6 - Bot0":{"border":-0.675213615316715,"corner":0.9202269761812369,"freedom":0.187737976627514,"table":0.6210643620527969},"group7 - Bot2":{"border":-0.5320822278615731,"corner":0.21998774124304088,"freedom":0.5198548763980195,"table":-0.6886041579422568},"group7 - Bot3":{"border":-0.08291390476838623,"corner":-0.16447498725240095,"freedom":0.1514598365923121,"table":0.9723735209420232},"group5 - Bot0":{"border":-0.5308710889207497,"corner":0.524682455863503,"freedom":-0.2121241304473218,"table":0.7307997650955191},"group6 - Bot2":{"border":0.8323972264460586,"corner":-0.33460504464117036,"freedom":0.0038583608758242516,"table":0.40077254182478184},"group7 - Bot0":{"border":0.1378630728660699,"corner":0.777761177502849,"freedom":0.38129245190895467,"table":0.12884267891038448},"group5 - Bot1":{"border":0.7178305576867277,"corner":-0.5466044588780363,"freedom":0.9585263262659878,"table":-0.39991863042815723},"group6 - Bot1":{"border":-0.8895580588256016,"corner":0.30753704669683124,"freedom":-0.1856174527714094,"table":-0.7502898632098354},"group7 - Bot1":{"border":0.48711333925943956,"corner":-0.14170255584119218,"freedom":0.9194691866075959,"table":0.33332386155238636},"group5 - Bot2":{"border":0.8720509197428428,"corner":0.16080294124106498,"freedom":0.8370740207932628,"table":0.8890496569504249},"group6 - Bot4":{"border":0.42718517106024545,"corner":-0.3062942773137207,"freedom":0.92250158822288,"table":-0.4844591892236456},"group5 - Bot3":{"border":0.6022491405843462,"corner":-0.18432511011453334,"freedom":0.8542004437710065,"table":0.4756236749522518},"group6 - Bot3":{"border":0.49472846097692624,"corner":0.16502630242878147,"freedom":-0.6225845130858993,"table":0.8163924697374723},"group5 - Bot4":{"border":-0.9013247147064416,"corner":-0.6353663800808456,"freedom":-0.3142596212929829,"table":-0.7939429319824258},"group7 - Bot4":{"border":-0.42255085684021254,"corner":0.9457090493746667,"freedom":0.10779772954076572,"table":-0.9567719657621456}},"finalResults":{"Bot7 - Bot1":-1.0,"Bot7 - Bot0":-1.0,"Bot6 - Bot0":0.5,"Bot6 - Bot1":-1.0,"Bot7 - Bot3":1.0,"Bot7 - Bot2":1.0,"Bot6 - Bot2":1.0,"Bot5 - Bot0":1.0,"Bot5 - Bot1":-1.0,"Bot4 - Bot0":-1.0,"Bot3 - Bot0":1.0,"Bot4 - Bot2":1.0,"Bot5 - Bot4":-1.0,"Bot6 - Bot7":1.0,"Bot4 - Bot1":-1.0,"Bot3 - Bot1":1.0,"Bot3 - Bot2":1.0,"Bot5 - Bot2":1.0,"Bot4 - Bot3":1.0,"Bot5 - Bot3":1.0,"Bot3 - Bot4":1.0,"Bot6 - Bot3":-1.0,"Bot4 - Bot6":-1.0,"Bot7 - Bot5":-1.0,"Bot7 - Bot4":1.0,"Bot4 - Bot5":-1.0,"Bot3 - Bot5":1.0,"Bot6 - Bot4":1.0,"Bot3 - Bot6":-1.0,"Bot5 - Bot6":-1.0,"Bot6 - Bot5":1.0,"Bot4 - Bot7":-1.0,"Bot3 - Bot7":-1.0,"Bot7 - Bot6":-1.0,"Bot5 - Bot7":1.0,"Bot1 - Bot6":-1.0,"Bot1 - Bot7":1.0,"Bot1 - Bot4":0.5,"Bot1 - Bot5":1.0,"Bot1 - Bot2":1.0,"Bot1 - Bot3":-1.0,"Bot1 - Bot0":-1.0,"Bot0 - Bot5":1.0,"Bot0 - Bot6":1.0,"Bot0 - Bot7":1.0,"Bot2 - Bot7":1.0,"Bot0 - Bot1":1.0,"Bot2 - Bot6":-1.0,"Bot0 - Bot2":1.0,"Bot2 - Bot5":1.0,"Bot0 - Bot3":1.0,"Bot2 - Bot4":-1.0,"Bot2 - Bot3":-1.0,"Bot0 - Bot4":-1.0,"Bot2 - Bot1":1.0,"Bot2 - Bot0":1.0},"finalScores":{"final":"[9.5, 7.5, 4.0, 8.0, 5.5, 6.0, 10.5, 5.0]"},"groupStageResults":{"group7":{"Bot0 - Bot1":1.0,"Bot1 - Bot4":1.0,"Bot0 - Bot2":1.0,"Bot0 - Bot3":1.0,"Bot1 - Bot2":1.0,"Bot2 - Bot4":-1.0,"Bot0 - Bot4":1.0,"Bot1 - Bot3":1.0,"Bot2 - Bot3":1.0,"Bot1 - Bot0":1.0,"Bot2 - Bot1":1.0,"Bot2 - Bot0":1.0,"Bot4 - Bot0":-1.0,"Bot3 - Bot0":1.0,"Bot4 - Bot2":1.0,"Bot3 - Bot1":-1.0,"Bot4 - Bot1":-1.0,"Bot3 - Bot2":1.0,"Bot4 - Bot3":-1.0,"Bot3 - Bot4":1.0},"group4":{"Bot0 - Bot1":1.0,"Bot1 - Bot4":1.0,"Bot0 - Bot2":1.0,"Bot0 - Bot3":1.0,"Bot1 - Bot2":1.0,"Bot2 - Bot4":1.0,"Bot0 - Bot4":1.0,"Bot1 - Bot3":1.0,"Bot2 - Bot3":-1.0,"Bot1 - Bot0":-1.0,"Bot2 - Bot1":-1.0,"Bot2 - Bot0":-1.0,"Bot4 - Bot0":1.0,"Bot3 - Bot0":-1.0,"Bot4 - Bot2":-1.0,"Bot3 - Bot1":-1.0,"Bot4 - Bot1":-1.0,"Bot3 - Bot2":1.0,"Bot4 - Bot3":-1.0,"Bot3 - Bot4":-1.0},"group3":{"Bot0 - Bot1":-1.0,"Bot1 - Bot4":1.0,"Bot0 - Bot2":1.0,"Bot0 - Bot3":1.0,"Bot1 - Bot2":1.0,"Bot2 - Bot4":-1.0,"Bot0 - Bot4":1.0,"Bot1 - Bot3":-1.0,"Bot2 - Bot3":1.0,"Bot1 - Bot0":1.0,"Bot2 - Bot1":-1.0,"Bot2 - Bot0":1.0,"Bot4 - Bot0":-1.0,"Bot3 - Bot0":1.0,"Bot4 - Bot2":-1.0,"Bot3 - Bot1":-1.0,"Bot4 - Bot1":1.0,"Bot3 - Bot2":1.0,"Bot4 - Bot3":1.0,"Bot3 - Bot4":1.0},"group6":{"Bot0 - Bot1":1.0,"Bot1 - Bot4":-1.0,"Bot0 - Bot2":-1.0,"Bot0 - Bot3":-1.0,"Bot1 - Bot2":1.0,"Bot2 - Bot4":1.0,"Bot0 - Bot4":1.0,"Bot1 - Bot3":-1.0,"Bot2 - Bot3":1.0,"Bot1 - Bot0":1.0,"Bot2 - Bot1":1.0,"Bot2 - Bot0":1.0,"Bot4 - Bot0":-1.0,"Bot3 - Bot0":1.0,