{"winner":{"border":-0.5776099633507392,"corner":0.15256854734167224,"freedom":0.47272783728418166,"table":0.10793233915541434},"botsInfos":{"group1 - Bot1":{"border":0.7379472762940349,"corner":-0.831372113043821,"freedom":-0.812059845149711,"table":0.2810108070990647},"group2 - Bot3":{"border":0.30163003738364025,"corner":-0.10013889752039984,"freedom":0.11682632845734697,"table":0.3854476199826573},"group0 - Bot0":{"border":-0.16126175051862712,"corner":-0.35974298979377317,"freedom":0.06804370592166564,"table":0.4327823413409886},"group1 - Bot0":{"border":-0.5776099633507392,"corner":0.15256854734167224,"freedom":0.47272783728418166,"table":0.10793233915541434},"group2 - Bot4":{"border":0.02962640942721273,"corner":0.2440003393911674,"freedom":-0.04309388885983245,"table":-0.9059731980764596},"group3 - Bot4":{"border":0.9014698863918154,"corner":-0.5750651112639364,"freedom":0.25833568040102106,"table":-0.77834606548206},"group0 - Bot3":{"border":0.7969020573747159,"corner":0.58341236682018,"freedom":-0.2235863502395532,"table":-0.25857342756911916},"group3 - Bot2":{"border":0.36484587181596306,"corner":-0.9558118237681339,"freedom":-0.8619494787005622,"table":0.9060953224298929},"group4 - Bot4":{"border":-0.775760726262253,"corner":0.6313089055260597,"freedom":-0.9469083349580716,"table":0.6067227602325409},"group0 - Bot4":{"border":-0.6920870996325186,"corner":-0.00428170905341263,"freedom":0.2614571893142579,"table":0.8839220007896482},"group1 - Bot4":{"border":0.7006439328654614,"corner":0.5048432065862487,"freedom":-0.35401006667186263,"table":-0.7323940736215258},"group2 - Bot0":{"border":-0.16222063158069755,"corner":0.4776963295311627,"freedom":-0.21744384032320307,"table":0.6970962141667123},"group3 - Bot3":{"border":-0.8284916152615622,"corner":-0.06933096883192413,"freedom":-0.1213672472372973,"table":0.7161066466386392},"group4 - Bot3":{"border":0.36484587181596306,"corner":-0.8726450903121108,"freedom":-0.8619494787005622,"table":0.9060953224298929},"group0 - Bot1":{"border":0.55494260233984,"corner":0.8008821039724039,"freedom":-0.1831077061873112,"table":0.30365358000122233},"group1 - Bot3":{"border":-0.3956441250956475,"corner":-0.6279437002196386,"freedom":-0.967863247891156,"table":0.6026132091609318},"group2 - Bot1":{"border":-0.7768279038678114,"corner":-0.7473701640962205,"freedom":-0.06318568743590469,"table":-0.3054689196117777},"group3 - Bot0":{"border":0.4398177446952496,"corner":0.8351192130859173,"freedom":-0.5340468327698551,"table":0.5465066331845017},"group4 - Bot2":{"border":0.7108798142706787,"corner":-0.8177743655982586,"freedom":-0.5902484727796331,"table":0.8599839454960041},"group0 - Bot2":{"border":0.55494260233984,"corner":0.8008821039724039,"freedom":0.11569534286867955,"table":0.24392494995262526},"group1 - Bot2":{"border":0.34194236883785556,"corner":0.7621165215054546,"freedom":0.9660536643053601,"table":-0.9609384130859182},"group2 - Bot2":{"border":-0.591777743090451,"corner":-0.7087771019509537,"freedom":0.5424718337985148,"table":0.9245550238716744},"group3 - Bot1":{"border":-0.583420395528818,"corner":-0.3462792179353127,"freedom":-0.21419362727325186,"table":-0.9939153167153307},"group4 - Bot1":{"border":-0.8051577365402856,"corner":0.4148671419083845,"freedom":0.2733173190112572,"table":-0.5941952616773627},"group4 - Bot0":{"border":0.55494260233984,"corner":0.8008821039724039,"freedom":-0.1831077061873112,"table":0.24392494995262526},"group6 - Bot0":{"border":0.36484587181596306,"corner":-0.692993849284373,"freedom":-0.8619494787005622,"table":0.9060953224298929},"group7 - Bot2":{"border":-0.9241213953579235,"corner":0.7810397441385759,"freedom":-0.49973011513073184,"table":-0.23537098580985827},"group7 - Bot3":{"border":0.7272445381386032,"corner":-0.16095154875022533,"freedom":0.22595028698728248,"table":-0.48951834143310724},"group5 - Bot0":{"border":-0.38470789714645814,"corner":-0.31197141198951495,"freedom":-0.05288979488754442,"table":0.34637292794264574},"group6 - Bot2":{"border":0.4588623282041606,"corner":-0.35974298979377317,"freedom":0.06804370592166564,"table":0.4327823413409886},"group7 - Bot0":{"border":0.7383219701664174,"corner":-0.5082930316976157,"freedom":0.01642995063772168,"table":0.524845606346078},"group5 - Bot1":{"border":0.36484587181596306,"corner":-0.1345064801140048,"freedom":-0.8619494787005622,"table":0.9060953224298929},"group6 - Bot1":{"border":-0.07946851393017496,"corner":-0.14530052500871649,"freedom":-0.4732107597503872,"table":-0.09418174387342448},"group7 - Bot1":{"border":-0.9728826315186345,"corner":0.9016052949257547,"freedom":0.28529648286093723,"table":-0.5654891052374553},"group5 - Bot2":{"border":-0.3975515317047098,"corner":0.5358205062906658,"freedom":0.12297444135107849,"table":-0.4020557306305963},"group6 - Bot4":{"border":0.5788106651509037,"corner":0.7038539083844471,"freedom":-0.6918994272608472,"table":-0.05864416942780393},"group5 - Bot3":{"border":0.9385001906256549,"corner":-0.22072678288628977,"freedom":-0.5315819285989001,"table":-0.8169005314875695},"group6 - Bot3":{"border":-0.04929408988150308,"corner":0.9210034760542349,"freedom":-0.08572060075492138,"table":0.6351009048165754},"group5 - Bot4":{"border":0.7246255024853192,"corner":-0.2011165962336563,"freedom":-0.12883793295352763,"table":-0.20003044155233685},"group7 - Bot4":{"border":-0.05904896971399842,"corner":-0.6459809565670924,"freedom":-0.8507873032735089,"table":-0.6911953504804713}},"finalResults":{"Bot7 - Bot1":-1.0,"Bot6 - Bot0":1.0,"Bot7 - Bot0":1.0,"Bot6 - Bot1":1.0,"Bot7 - Bot3":-1.0,"Bot6 - Bot2":1.0,"Bot7 - Bot2":-1.0,"Bot5 - Bot0":1.0,"Bot5 - Bot1":-1.0,"Bot4 - Bot0":1.0,"Bot3 - Bot0":-1.0,"Bot4 - Bot2":-1.0,"Bot5 - Bot4":-1.0,"Bot6 - Bot7":1.0,"Bot3 - Bot1":1.0,"Bot4 - Bot1":1.0,"Bot5 - Bot2":1.0,"Bot3 - Bot2":-1.0,"Bot4 - Bot3":1.0,"Bot5 - Bot3":-1.0,"Bot6 - Bot3":-1.0,"Bot3 - Bot4":-1.0,"Bot4 - Bot6":-1.0,"Bot7 - Bot5":1.0,"Bot6 - Bot4":1.0,"Bot4 - Bot5":1.0,"Bot7 - Bot4":1.0,"Bot3 - Bot5":1.0,"Bot6 - Bot5":-1.0,"Bot5 - Bot6":1.0,"Bot3 - Bot6":1.0,"Bot4 - Bot7":1.0,"Bot5 - Bot7":-1.0,"Bot7 - Bot6":1.0,"Bot3 - Bot7":1.0,"Bot1 - Bot6":1.0,"Bot1 - Bot7":1.0,"Bot1 - Bot4":1.0,"Bot1 - Bot5":1.0,"Bot1 - Bot2":1.0,"Bot1 - Bot3":1.0,"Bot1 - Bot0":1.0,"Bot0 - Bot5":1.0,"Bot0 - Bot6":1.0,"Bot0 - Bot7":-1.0,"Bot2 - Bot7":-1.0,"Bot0 - Bot1":1.0,"Bot2 - Bot6":1.0,"Bot0 - Bot2":-1.0,"Bot2 - Bot5":1.0,"Bot0 - Bot3":-1.0,"Bot2 - Bot4":1.0,"Bot2 - Bot3":1.0,"Bot0 - Bot4":0.5,"Bot2 - Bot1":-1.0,"Bot2 - Bot0":1.0},"finalScores":{"final":"[4.5, 10.0, 9.0, 8.0, 7.5, 4.0, 6.0, 7.0]"},"groupStageResults":{"group7":{"Bot0 - Bot1":1.0,"Bot1 - Bot4":1.0,"Bot0 - Bot2":1.0,"Bot0 - Bot3":1.0,"Bot1 - Bot2":1.0,"Bot2 - Bot4":1.0,"Bot0 - Bot4":1.0,"Bot1 - Bot3":-1.0,"Bot2 - Bot3":-1.0,"Bot1 - Bot0":-1.0,"Bot2 - Bot1":-1.0,"Bot2 - Bot0":-1.0,"Bot4 - Bot0":1.0,"Bot3 - Bot0":1.0,"Bot4 - Bot2":-1.0,"Bot3 - Bot1":1.0,"Bot4 - Bot1":-1.0,"Bot3 - Bot2":-1.0,"Bot4 - Bot3":-1.0,"Bot3 - Bot4":1.0},"group4":{"Bot0 - Bot1":1.0,"Bot1 - Bot4":-1.0,"Bot0 - Bot2":1.0,"Bot0 - Bot3":1.0,"Bot1 - Bot2":-1.0,"Bot2 - Bot4":1.0,"Bot0 - Bot4":1.0,"Bot1 - Bot3":-1.0,"Bot2 - Bot3":1.0,"Bot1 - Bot0":-1.0,"Bot2 - Bot1":1.0,"Bot2 - Bot0":1.0,"Bot4 - Bot0":1.0,"Bot3 - Bot0":1.0,"Bot4 - Bot2":1.0,"Bot3 - Bot1":1.0,"Bot4 - Bot1":1.0,"Bot3 - Bot2":-1.0,"Bot4 - Bot3":-1.0,"Bot3 - Bot4":1.0},"group3":{"Bot0 - Bot1":-1.0,"Bot1 - Bot4":-1.0,"Bot0 - Bot2":1.0,"Bot0 - Bot3":1.0,"Bot1 - Bot2":-1.0,"Bot2 - Bot4":1.0,"Bot0 - Bot4":1.0,"Bot1 - Bot3":-1.0,"Bot2 - Bot3":-1.0,"Bot1 - Bot0":-1.0,"Bot2 - Bot1":1.0,"Bot2 - Bot0":1.0,"Bot4 - Bot0":-1.0,"Bot3 - Bot0":1.0,"Bot4 - Bot2":-1.0,"Bot3 - Bot1":1.0,"Bot4 - Bot1":1.0,"Bot3 - Bot2":1.0,"Bot4 - Bot3":-1.0,"Bot3 - Bot4":1.0},"group6":{"Bot0 - Bot1":1.0,"Bot1 - Bot4":1.0,"Bot0 - Bot2":-1.0,"Bot0 - Bot3":1.0,"Bot1 - Bot2":1.0,"Bot2 - Bot4":-1.0,"Bot0 - Bot4":1.0,"Bot1 - Bot3":-1.0,"Bot2 - Bot3":1.0,"Bot1 - Bot0":-1.0,"Bot2 - Bot1":1.0,"Bot2 - Bot0":1.0,"Bot4 - Bot0":-1.0,"Bot3 - Bot0":1.0,