{"winner":{"border":-0.6893117660655421,"corner":-0.8052852663772181,"freedom":0.8516283676306655,"table":0.9455025586681096},"botsInfos":{"group1 - Bot1":{"border":0.17232516525088948,"corner":-0.7308182430307528,"freedom":0.8231268334803161,"table":0.36182828050638705},"group2 - Bot3":{"border":0.7928061490943907,"corner":-0.6050834540145686,"freedom":-0.39810299189023657,"table":0.8376656511534619},"group0 - Bot0":{"border":0.023612199131162637,"corner":-0.1914111502035747,"freedom":0.09724444911669616,"table":0.6767350607605256},"group1 - Bot0":{"border":0.15913496319012732,"corner":0.6194835488155426,"freedom":-0.13427606085650723,"table":0.7001610984835405},"group2 - Bot4":{"border":-0.5764505625390697,"corner":0.8414382397655074,"freedom":0.34324470289580766,"table":0.08745155030350094},"group3 - Bot4":{"border":-0.5108743508727471,"corner":0.3834760605147003,"freedom":-0.4081106111817434,"table":0.2915725305229855},"group0 - Bot3":{"border":0.3486798670136717,"corner":-0.88433374877809,"freedom":-0.8601360573163219,"table":-0.3906659410367801},"group3 - Bot2":{"border":-0.8165369072394029,"corner":0.14287360831927587,"freedom":0.1238210988301971,"table":0.047345050407881395},"group4 - Bot4":{"border":-0.31483671702839455,"corner":0.8227761283627011,"freedom":0.8310036044318823,"table":-0.30986824851959804},"group0 - Bot4":{"border":0.6610356636283903,"corner":-0.8879688187877566,"freedom":0.6411163700449387,"table":-0.42239119765266375},"group1 - Bot4":{"border":-0.04309269269088367,"corner":-0.6528517887520897,"freedom":0.3584321757129949,"table":0.6859167074978325},"group2 - Bot0":{"border":0.5761755763274272,"corner":-0.030536484450867984,"freedom":-0.901180192321049,"table":0.3341649360379968},"group3 - Bot3":{"border":-0.38935671766597846,"corner":-0.3940288882953933,"freedom":-0.6935728165442414,"table":-0.7877360128333653},"group4 - Bot3":{"border":0.8411686359832309,"corner":-0.7159903151257381,"freedom":0.0015363525370972742,"table":0.6472286723885778},"group0 - Bot1":{"border":-0.5793310460675085,"corner":-0.3988304729809353,"freedom":0.565376746452209,"table":-0.4358457696370839},"group1 - Bot3":{"border":0.6747951048411929,"corner":-0.25543204833018973,"freedom":0.5270681402641944,"table":0.7179875560949809},"group2 - Bot1":{"border":0.4050704202846531,"corner":0.6765083314736065,"freedom":-0.3658182765772857,"table":0.9583833014341039},"group3 - Bot0":{"border":0.24710938202678268,"corner":-0.32065662613334633,"freedom":0.7286875207543786,"table":-0.9624342490372508},"group4 - Bot2":{"border":0.38320659022059456,"corner":0.468787199501816,"freedom":-0.08648975871402831,"table":-0.901293206800041},"group0 - Bot2":{"border":-0.6893117660655421,"corner":-0.8052852663772181,"freedom":0.8516283676306655,"table":0.9455025586681096},"group1 - Bot2":{"border":-0.7555464318094376,"corner":0.2486361515943798,"freedom":-0.4282335565349018,"table":-0.8839779049045391},"group2 - Bot2":{"border":-0.7034538822553356,"corner":0.7196574865541396,"freedom":0.029724063832697434,"table":-0.5936866441093382},"group3 - Bot1":{"border":-0.42664508536127776,"corner":-0.32362008312273405,"freedom":-0.6764327393569198,"table":-0.6140785173689558},"group4 - Bot1":{"border":0.5734617048031592,"corner":0.04688343841865805,"freedom":-0.8576429549860729,"table":0.5789987280975617},"group4 - Bot0":{"border":-0.5410227123848079,"corner":0.18405246679893494,"freedom":0.3697783856786152,"table":-0.7290178221113062},"group6 - Bot0":{"border":0.401995592244776,"corner":-0.2609356539580787,"freedom":-0.7272144535945966,"table":-0.2272448771973845},"group7 - Bot2":{"border":0.311137166489561,"corner":-0.18523879304190172,"freedom":0.7885028022274081,"table":-0.4114479398421975},"group7 - Bot3":{"border":0.9608191093171952,"corner":-0.6740528391584426,"freedom":-0.4304300935745917,"table":-0.3307476984736313},"group5 - Bot0":{"border":-0.5274897757759958,"corner":-0.6575027564884905,"freedom":0.9150597738679584,"table":0.17158702723951413},"group6 - Bot2":{"border":-0.7166420069317192,"corner":-0.9490551069272759,"freedom":-0.7305828349787804,"table":0.7307291265441072},"group7 - Bot0":{"border":-0.8245775830531634,"corner":0.5525078937078323,"freedom":0.33860526980399386,"table":-0.8343616388471295},"group5 - Bot1":{"border":0.8428538832495998,"corner":-0.4108294179965737,"freedom":-0.9982746200609325,"table":0.5098438278393407},"group6 - Bot1":{"border":-0.3269602122269255,"corner":-0.2470499983612937,"freedom":-0.9019612426974641,"table":-0.6505718751982332},"group7 - Bot1":{"border":-0.7639823755417288,"corner":0.8806344678245075,"freedom":0.4143989613434371,"table":-0.6829563380542505},"group5 - Bot2":{"border":0.5538599249036293,"corner":0.17251873948030094,"freedom":-0.5673312397002934,"table":0.32944877090367375},"group6 - Bot4":{"border":-0.7843835063308398,"corner":-0.7247738790538929,"freedom":-0.49286777549127403,"table":-0.3655403219537994},"group5 - Bot3":{"border":-0.38111198637384835,"corner":0.5451967939737257,"freedom":-0.6991602739429863,"table":-0.5788269038662268},"group6 - Bot3":{"border":0.69053221834162,"corner":0.5320245688273617,"freedom":0.6716424929743123,"table":-0.4397406494083069},"group5 - Bot4":{"border":-0.6596932355895364,"corner":-0.6310260357632536,"freedom":-0.6864852333975446,"table":-0.21497574274291043},"group7 - Bot4":{"border":0.503348958101931,"corner":-0.9559274224744667,"freedom":0.3326306183140859,"table":-0.022511399617862082}},"finalResults":{"Bot7 - Bot1":-1.0,"Bot7 - Bot0":-1.0,"Bot6 - Bot0":0.5,"Bot6 - Bot1":-1.0,"Bot7 - Bot3":-1.0,"Bot6 - Bot2":-1.0,"Bot7 - Bot2":-1.0,"Bot5 - Bot0":1.0,"Bot5 - Bot1":0.5,"Bot4 - Bot0":-1.0,"Bot3 - Bot0":1.0,"Bot4 - Bot2":-1.0,"Bot5 - Bot4":-1.0,"Bot6 - Bot7":1.0,"Bot3 - Bot1":1.0,"Bot4 - Bot1":-1.0,"Bot5 - Bot2":1.0,"Bot3 - Bot2":-1.0,"Bot5 - Bot3":0.5,"Bot4 - Bot3":-1.0,"Bot3 - Bot4":1.0,"Bot6 - Bot3":1.0,"Bot4 - Bot6":1.0,"Bot7 - Bot5":-1.0,"Bot3 - Bot5":-1.0,"Bot4 - Bot5":1.0,"Bot6 - Bot4":1.0,"Bot7 - Bot4":-1.0,"Bot3 - Bot6":1.0,"Bot6 - Bot5":1.0,"Bot5 - Bot6":1.0,"Bot3 - Bot7":1.0,"Bot4 - Bot7":1.0,"Bot5 - Bot7":1.0,"Bot7 - Bot6":-1.0,"Bot1 - Bot6":-1.0,"Bot1 - Bot7":1.0,"Bot1 - Bot4":1.0,"Bot1 - Bot5":-1.0,"Bot1 - Bot2":1.0,"Bot1 - Bot3":-1.0,"Bot1 - Bot0":-1.0,"Bot0 - Bot5":1.0,"Bot0 - Bot6":1.0,"Bot0 - Bot7":1.0,"Bot2 - Bot7":1.0,"Bot0 - Bot1":-1.0,"Bot2 - Bot6":1.0,"Bot0 - Bot2":1.0,"Bot2 - Bot5":-1.0,"Bot0 - Bot3":1.0,"Bot2 - Bot4":-1.0,"Bot2 - Bot3":-1.0,"Bot0 - Bot4":1.0,"Bot2 - Bot1":-1.0,"Bot2 - Bot0":-1.0},"finalScores":{"final":"[10.5, 8.5, 6.0, 9.5, 6.0, 9.0, 6.5, 0.0]"},"groupStageResults":{"group7":{"Bot0 - Bot1":1.0,"Bot1 - Bot4":1.0,"Bot0 - Bot2":1.0,"Bot0 - Bot3":1.0,"Bot1 - Bot2":1.0,"Bot2 - Bot4":1.0,"Bot0 - Bot4":0.5,"Bot1 - Bot3":-1.0,"Bot2 - Bot3":-1.0,"Bot1 - Bot0":1.0,"Bot2 - Bot1":1.0,"Bot2 - Bot0":-1.0,"Bot4 - Bot0":1.0,"Bot3 - Bot0":1.0,"Bot4 - Bot2":1.0,"Bot3 - Bot1":-1.0,"Bot4 - Bot1":1.0,"Bot3 - Bot2":1.0,"Bot4 - Bot3":1.0,"Bot3 - Bot4":-1.0},"group4":{"Bot0 - Bot1":-1.0,"Bot1 - Bot4":1.0,"Bot0 - Bot2":1.0,"Bot0 - Bot3":1.0,"Bot1 - Bot2":1.0,"Bot2 - Bot4":-1.0,"Bot0 - Bot4":-1.0,"Bot1 - Bot3":1.0,"Bot2 - Bot3":-1.0,"Bot1 - Bot0":1.0,"Bot2 - Bot1":-1.0,"Bot2 - Bot0":1.0,"Bot4 - Bot0":1.0,"Bot3 - Bot0":1.0,"Bot4 - Bot2":1.0,"Bot3 - Bot1":1.0,"Bot4 - Bot1":-1.0,"Bot3 - Bot2":1.0,"Bot4 - Bot3":-1.0,"Bot3 - Bot4":0.5},"group3":{"Bot0 - Bot1":-1.0,"Bot1 - Bot4":-1.0,"Bot0 - Bot2":-1.0,"Bot0 - Bot3":1.0,"Bot1 - Bot2":-1.0,"Bot2 - Bot4":1.0,"Bot0 - Bot4":-1.0,"Bot1 - Bot3":1.0,"Bot2 - Bot3":-1.0,"Bot1 - Bot0":1.0,"Bot2 - Bot1":1.0,"Bot2 - Bot0":-1.0,"Bot4 - Bot0":1.0,"Bot3 - Bot0":-1.0,"Bot4 - Bot2":1.0,"Bot3 - Bot1":-1.0,"Bot4 - Bot1":1.0,"Bot3 - Bot2":-1.0,"Bot4 - Bot3":1.0,"Bot3 - Bot4":-1.0},"group6":{"Bot0 - Bot1":1.0,"Bot1 - Bot4":1.0,"Bot0 - Bot2":1.0,"Bot0 - Bot3":1.0,"Bot1 - Bot2":-1.0,"Bot2 - Bot4":1.0,"Bot0 - Bot4":-1.0,"Bot1 - Bot3":-1.0,"Bot2 - Bot3":1.0,"Bot1 - Bot0":-1.0,"Bot2 - Bot1":-1.0,"Bot2 - Bot0":1.0,"Bot4 - Bot0":1.0,